ISO-10303-21;
HEADER;
FILE_DESCRIPTION(('ViewDefinition [ReferenceView]'),'2;1');
FILE_NAME('yaml-ifc.ifc','2026-10-06T00:00:00',('yaml-ifc'),('yaml-ifc'),'yaml-ifc','yaml-ifc','None');
FILE_SCHEMA(('IFC4'));
ENDSEC;
DATA;
#1=IFCSIUNIT(*,.LENGTHUNIT.,$,.METRE.);
#2=IFCSIUNIT(*,.AREAUNIT.,$,.SQUARE_METRE.);
#3=IFCSIUNIT(*,.VOLUMEUNIT.,$,.CUBIC_METRE.);
#4=IFCSIUNIT(*,.PLANEANGLEUNIT.,$,.RADIAN.);
#5=IFCUNITASSIGNMENT((#1,#2,#3,#4));
#6=IFCCARTESIANPOINT((0.,0.,0.));
#7=IFCDIRECTION((0.,0.,1.));
#8=IFCDIRECTION((1.,0.,0.));
#9=IFCAXIS2PLACEMENT3D(#6,#7,#8);
#10=IFCDIRECTION((0.,1.));
#11=IFCGEOMETRICREPRESENTATIONCONTEXT($,'Model',3,1.0000000000000001E-05,#9,#10);
#12=IFCGEOMETRICREPRESENTATIONSUBCONTEXT('Body','Model',*,*,*,*,#11,$,.MODEL_VIEW.,$);
#13=IFCCARTESIANPOINT((0.,0.));
#14=IFCDIRECTION((1.,0.));
#15=IFCAXIS2PLACEMENT2D(#13,#14);
#16=IFCGEOMETRICREPRESENTATIONCONTEXT($,'Plan',2,1.0000000000000001E-05,#15,$);
#17=IFCGEOMETRICREPRESENTATIONSUBCONTEXT('Axis','Plan',*,*,*,*,#16,$,.GRAPH_VIEW.,$);
#18=IFCPROJECT('1DblDuXPnTGR3$neWzoZf7',$,'RD \X2\016000ED\X0\ma',$,$,'PRJ',$,(#11,#16),#5);
#19=IFCCARTESIANPOINT((0.,0.,0.));
#20=IFCDIRECTION((0.,0.,1.));
#21=IFCDIRECTION((1.,0.,0.));
#22=IFCAXIS2PLACEMENT3D(#19,#20,#21);
#23=IFCLOCALPLACEMENT($,#22);
#24=IFCSITE('07kmmsVOHUvBqq9geM6GR4',$,'Bor u Tachova',$,$,#23,$,$,.ELEMENT.,$,$,472.10000000000002,$,$);
#25=IFCCARTESIANPOINT((0.,0.,0.));
#26=IFCDIRECTION((0.,0.,1.));
#27=IFCDIRECTION((1.,0.,0.));
#28=IFCAXIS2PLACEMENT3D(#25,#26,#27);
#29=IFCLOCALPLACEMENT(#23,#28);
#30=IFCBUILDING('0Sc58ByEfSBA514UX38rMz',$,'RD \X2\016000ED\X0\ma',$,$,#29,$,$,.ELEMENT.,$,$,$);
#31=IFCCARTESIANPOINT((0.,0.,0.));
#32=IFCDIRECTION((0.,0.,1.));
#33=IFCDIRECTION((1.,0.,0.));
#34=IFCAXIS2PLACEMENT3D(#31,#32,#33);
#35=IFCLOCALPLACEMENT(#29,#34);
#36=IFCBUILDINGSTOREY('1tSSUBbN9UG8ARtla17G20',$,'1.NP',$,$,#35,$,$,.ELEMENT.,0.);
#37=IFCRELAGGREGATES('3BF_hIDynKBw$kST6hjrOR',$,$,$,#18,(#24));
#38=IFCRELAGGREGATES('2MI15YpXXPjwJdPfRSnKj2',$,$,$,#24,(#30));
#39=IFCRELAGGREGATES('3b5p89cl9QWvqWOFsy198D',$,$,$,#30,(#36));
#40=IFCPROPERTYSINGLEVALUE('id',$,IFCLABEL('SITE'),$);
#41=IFCPROPERTYSET('3Q8aQIoWTSNRbAEDJisohh',$,'yaml-ifc',$,(#40));
#42=IFCRELDEFINESBYPROPERTIES('06TlEb5HbHQBUR47YxcLmy',$,$,$,(#24),#41);
#43=IFCPROPERTYSINGLEVALUE('id',$,IFCLABEL('BLD'),$);
#44=IFCPROPERTYSET('1IVZR6lE1OhBiY4bx8MCuP',$,'yaml-ifc',$,(#43));
#45=IFCRELDEFINESBYPROPERTIES('00Ev$oFHvLE8S72QggWI99',$,$,$,(#30),#44);
#46=IFCPROPERTYSINGLEVALUE('id',$,IFCLABEL('STOREY-1NP'),$);
#47=IFCPROPERTYSET('2isITI7PPSAPLTnsKPcnSs',$,'yaml-ifc',$,(#46));
#48=IFCRELDEFINESBYPROPERTIES('2q$uGm_kfSaAvNcJ_547fC',$,$,$,(#36),#47);
#49=IFCCARTESIANPOINT((30.149999999999999,0.22500000000000001,0.));
#50=IFCDIRECTION((0.,0.,1.));
#51=IFCDIRECTION((1.,0.,0.));
#52=IFCAXIS2PLACEMENT3D(#49,#50,#51);
#53=IFCLOCALPLACEMENT(#35,#52);
#54=IFCCARTESIANPOINT((0.,0.));
#55=IFCCARTESIANPOINT((4.6000000000000014,0.));
#56=IFCPOLYLINE((#54,#55));
#57=IFCCARTESIANPOINT((2.3000000000000007,0.));
#58=IFCAXIS2PLACEMENT2D(#57,$);
#59=IFCRECTANGLEPROFILEDEF(.AREA.,$,#58,4.6000000000000014,0.45000000000000001);
#60=IFCCARTESIANPOINT((0.,0.,0.));
#61=IFCDIRECTION((0.,0.,1.));
#62=IFCDIRECTION((1.,0.,0.));
#63=IFCAXIS2PLACEMENT3D(#60,#61,#62);
#64=IFCDIRECTION((0.,0.,1.));
#65=IFCEXTRUDEDAREASOLID(#59,#63,#64,3.);
#66=IFCSHAPEREPRESENTATION(#17,'Axis','Curve2D',(#56));
#67=IFCSHAPEREPRESENTATION(#12,'Body','SweptSolid',(#65));
#68=IFCPRODUCTDEFINITIONSHAPE($,$,(#66,#67));
#69=IFCWALL('2pwk0CcMXGn9kLLhZRTu3y',$,'W-001',$,$,#53,#68,$,$);
#70=IFCPROPERTYSINGLEVALUE('id',$,IFCLABEL('W-001'),$);
#71=IFCPROPERTYSINGLEVALUE('HeightDefaulted',$,IFCBOOLEAN(.T.),$);
#72=IFCPROPERTYSINGLEVALUE('MaterialFromThickness',$,IFCBOOLEAN(.T.),$);
#73=IFCPROPERTYSET('3HEEsDx2bMwuzT_lPmwdyq',$,'yaml-ifc',$,(#70,#71,#72));
#74=IFCRELDEFINESBYPROPERTIES('3zIUBaCwvO$OSzrOYH81Gb',$,$,$,(#69),#73);
#75=IFCMATERIAL('wall',$,$);
#76=IFCMATERIALLAYER(#75,0.45000000000000001,$,$,$,$,$);
#77=IFCMATERIALLAYERSET((#76),'W-001',$);
#78=IFCMATERIALLAYERSETUSAGE(#77,.AXIS2.,.POSITIVE.,-0.22500000000000001,$);
#79=IFCRELASSOCIATESMATERIAL('2OGPvXv_XJ0um9HQuh7R1Z',$,$,$,(#69),#78);
#80=IFCCARTESIANPOINT((0.45000000000000001,3.0874999999999999,0.));
#81=IFCDIRECTION((0.,0.,1.));
#82=IFCDIRECTION((1.,0.,0.));
#83=IFCAXIS2PLACEMENT3D(#80,#81,#82);
#84=IFCLOCALPLACEMENT(#35,#83);
#85=IFCCARTESIANPOINT((0.,0.));
#86=IFCCARTESIANPOINT((17.050000000000001,0.));
#87=IFCPOLYLINE((#85,#86));
#88=IFCCARTESIANPOINT((8.5250000000000004,0.));
#89=IFCAXIS2PLACEMENT2D(#88,$);
#90=IFCRECTANGLEPROFILEDEF(.AREA.,$,#89,17.050000000000001,0.375);
#91=IFCCARTESIANPOINT((0.,0.,0.));
#92=IFCDIRECTION((0.,0.,1.));
#93=IFCDIRECTION((1.,0.,0.));
#94=IFCAXIS2PLACEMENT3D(#91,#92,#93);
#95=IFCDIRECTION((0.,0.,1.));
#96=IFCEXTRUDEDAREASOLID(#90,#94,#95,3.);
#97=IFCSHAPEREPRESENTATION(#17,'Axis','Curve2D',(#87));
#98=IFCSHAPEREPRESENTATION(#12,'Body','SweptSolid',(#96));
#99=IFCPRODUCTDEFINITIONSHAPE($,$,(#97,#98));
#100=IFCWALL('20_lkwPQTO08BzrfHVn2_$',$,'W-002',$,$,#84,#99,$,$);
#101=IFCPROPERTYSINGLEVALUE('id',$,IFCLABEL('W-002'),$);
#102=IFCPROPERTYSINGLEVALUE('HeightDefaulted',$,IFCBOOLEAN(.T.),$);
#103=IFCPROPERTYSINGLEVALUE('MaterialFromThickness',$,IFCBOOLEAN(.T.),$);
#104=IFCPROPERTYSET('0enyy76yXKJvF$PI4gwK0Z',$,'yaml-ifc',$,(#101,#102,#103));
#105=IFCRELDEFINESBYPROPERTIES('3P5KdZmk1OVxUA6EgpC5ef',$,$,$,(#100),#104);
#106=IFCMATERIAL('wall',$,$);
#107=IFCMATERIALLAYER(#106,0.375,$,$,$,$,$);
#108=IFCMATERIALLAYERSET((#107),'W-002',$);
#109=IFCMATERIALLAYERSETUSAGE(#108,.AXIS2.,.POSITIVE.,-0.1875,$);
#110=IFCRELASSOCIATESMATERIAL('2w1asPqZ5MxArscERsLRAJ',$,$,$,(#100),#109);
#111=IFCCARTESIANPOINT((18.,3.1175000000000002,0.));
#112=IFCDIRECTION((0.,0.,1.));
#113=IFCDIRECTION((1.,0.,0.));
#114=IFCAXIS2PLACEMENT3D(#111,#112,#113);
#115=IFCLOCALPLACEMENT(#35,#114);
#116=IFCCARTESIANPOINT((0.,0.));
#117=IFCCARTESIANPOINT((1.,0.));
#118=IFCPOLYLINE((#116,#117));
#119=IFCCARTESIANPOINT((0.5,0.));
#120=IFCAXIS2PLACEMENT2D(#119,$);
#121=IFCRECTANGLEPROFILEDEF(.AREA.,$,#120,1.,0.435);
#122=IFCCARTESIANPOINT((0.,0.,0.));
#123=IFCDIRECTION((0.,0.,1.));
#124=IFCDIRECTION((1.,0.,0.));
#125=IFCAXIS2PLACEMENT3D(#122,#123,#124);
#126=IFCDIRECTION((0.,0.,1.));
#127=IFCEXTRUDEDAREASOLID(#121,#125,#126,3.);
#128=IFCSHAPEREPRESENTATION(#17,'Axis','Curve2D',(#118));
#129=IFCSHAPEREPRESENTATION(#12,'Body','SweptSolid',(#127));
#130=IFCPRODUCTDEFINITIONSHAPE($,$,(#128,#129));
#131=IFCWALL('2wRaIp0WjUdQLk1aT_OFV8',$,'W-003',$,$,#115,#130,$,$);
#132=IFCPROPERTYSINGLEVALUE('id',$,IFCLABEL('W-003'),$);
#133=IFCPROPERTYSINGLEVALUE('HeightDefaulted',$,IFCBOOLEAN(.T.),$);
#134=IFCPROPERTYSINGLEVALUE('MaterialFromThickness',$,IFCBOOLEAN(.T.),$);
#135=IFCPROPERTYSET('1CUz4__6zRgeZzZvDMlpU8',$,'yaml-ifc',$,(#132,#133,#134));
#136=IFCRELDEFINESBYPROPERTIES('0EzDIKf$XNsP7WQQMokxRl',$,$,$,(#131),#135);
#137=IFCMATERIAL('wall',$,$);
#138=IFCMATERIALLAYER(#137,0.435,$,$,$,$,$);
#139=IFCMATERIALLAYERSET((#138),'W-003',$);
#140=IFCMATERIALLAYERSETUSAGE(#139,.AXIS2.,.POSITIVE.,-0.2175,$);
#141=IFCRELASSOCIATESMATERIAL('2Y7KW1r11J2uzIa6b7q$ea',$,$,$,(#131),#140);
#142=IFCCARTESIANPOINT((24.289999999999999,3.21,0.));
#143=IFCDIRECTION((0.,0.,1.));
#144=IFCDIRECTION((1.,0.,0.));
#145=IFCAXIS2PLACEMENT3D(#142,#143,#144);
#146=IFCLOCALPLACEMENT(#35,#145);
#147=IFCCARTESIANPOINT((0.,0.));
#148=IFCCARTESIANPOINT((0.12000000000000099,0.));
#149=IFCPOLYLINE((#147,#148));
#150=IFCCARTESIANPOINT((0.060000000000000497,0.));
#151=IFCAXIS2PLACEMENT2D(#150,$);
#152=IFCRECTANGLEPROFILEDEF(.AREA.,$,#151,0.12000000000000099,0.12);
#153=IFCCARTESIANPOINT((0.,0.,0.));
#154=IFCDIRECTION((0.,0.,1.));
#155=IFCDIRECTION((1.,0.,0.));
#156=IFCAXIS2PLACEMENT3D(#153,#154,#155);
#157=IFCDIRECTION((0.,0.,1.));
#158=IFCEXTRUDEDAREASOLID(#152,#156,#157,3.);
#159=IFCSHAPEREPRESENTATION(#17,'Axis','Curve2D',(#149));
#160=IFCSHAPEREPRESENTATION(#12,'Body','SweptSolid',(#158));
#161=IFCPRODUCTDEFINITIONSHAPE($,$,(#159,#160));
#162=IFCWALL('2YftpohKHKkelkwrigtJ2H',$,'W-004',$,$,#146,#161,$,$);
#163=IFCPROPERTYSINGLEVALUE('id',$,IFCLABEL('W-004'),$);
#164=IFCPROPERTYSINGLEVALUE('HeightDefaulted',$,IFCBOOLEAN(.T.),$);
#165=IFCPROPERTYSINGLEVALUE('MaterialFromThickness',$,IFCBOOLEAN(.T.),$);
#166=IFCPROPERTYSET('0vwmdlbcrOtv5YIoobgGuf',$,'yaml-ifc',$,(#163,#164,#165));
#167=IFCRELDEFINESBYPROPERTIES('39vnPasiHSKuLB6uL4tLo1',$,$,$,(#162),#166);
#168=IFCMATERIAL('wall',$,$);
#169=IFCMATERIALLAYER(#168,0.12,$,$,$,$,$);
#170=IFCMATERIALLAYERSET((#169),'W-004',$);
#171=IFCMATERIALLAYERSETUSAGE(#170,.AXIS2.,.POSITIVE.,-0.059999999999999998,$);
#172=IFCRELASSOCIATESMATERIAL('2MEQfoPIzG7fhyrFhwVvYi',$,$,$,(#162),#171);
#173=IFCCARTESIANPOINT((38.100000000000001,3.5249999999999999,0.));
#174=IFCDIRECTION((0.,0.,1.));
#175=IFCDIRECTION((1.,0.,0.));
#176=IFCAXIS2PLACEMENT3D(#173,#174,#175);
#177=IFCLOCALPLACEMENT(#35,#176);
#178=IFCCARTESIANPOINT((0.,0.));
#179=IFCCARTESIANPOINT((6.6000000000000014,0.));
#180=IFCPOLYLINE((#178,#179));
#181=IFCCARTESIANPOINT((3.3000000000000007,0.));
#182=IFCAXIS2PLACEMENT2D(#181,$);
#183=IFCRECTANGLEPROFILEDEF(.AREA.,$,#182,6.6000000000000014,0.34999999999999998);
#184=IFCCARTESIANPOINT((0.,0.,0.));
#185=IFCDIRECTION((0.,0.,1.));
#186=IFCDIRECTION((1.,0.,0.));
#187=IFCAXIS2PLACEMENT3D(#184,#185,#186);
#188=IFCDIRECTION((0.,0.,1.));
#189=IFCEXTRUDEDAREASOLID(#183,#187,#188,3.);
#190=IFCSHAPEREPRESENTATION(#17,'Axis','Curve2D',(#180));
#191=IFCSHAPEREPRESENTATION(#12,'Body','SweptSolid',(#189));
#192=IFCPRODUCTDEFINITIONSHAPE($,$,(#190,#191));
#193=IFCWALL('28N9cvmCrQRRBj5XSwTVSe',$,'W-005',$,$,#177,#192,$,$);
#194=IFCPROPERTYSINGLEVALUE('id',$,IFCLABEL('W-005'),$);
#195=IFCPROPERTYSINGLEVALUE('HeightDefaulted',$,IFCBOOLEAN(.T.),$);
#196=IFCPROPERTYSINGLEVALUE('MaterialFromThickness',$,IFCBOOLEAN(.T.),$);
#197=IFCPROPERTYSET('1crRxiYNDSGggYRlMQ88vM',$,'yaml-ifc',$,(#194,#195,#196));
#198=IFCRELDEFINESBYPROPERTIES('1QTRWRaJDMTehdSVma3wNx',$,$,$,(#193),#197);
#199=IFCMATERIAL('wall',$,$);
#200=IFCMATERIALLAYER(#199,0.34999999999999998,$,$,$,$,$);
#201=IFCMATERIALLAYERSET((#200),'W-005',$);
#202=IFCMATERIALLAYERSETUSAGE(#201,.AXIS2.,.POSITIVE.,-0.17499999999999999,$);
#203=IFCRELASSOCIATESMATERIAL('02Mofg$pbMOBHuHRANTqGS',$,$,$,(#193),#202);
#204=IFCCARTESIANPOINT((32.774999999999999,3.7124999999999999,0.));
#205=IFCDIRECTION((0.,0.,1.));
#206=IFCDIRECTION((1.,0.,0.));
#207=IFCAXIS2PLACEMENT3D(#204,#205,#206);
#208=IFCLOCALPLACEMENT(#35,#207);
#209=IFCCARTESIANPOINT((0.,0.));
#210=IFCCARTESIANPOINT((1.9750000000000014,0.));
#211=IFCPOLYLINE((#209,#210));
#212=IFCCARTESIANPOINT((0.98750000000000071,0.));
#213=IFCAXIS2PLACEMENT2D(#212,$);
#214=IFCRECTANGLEPROFILEDEF(.AREA.,$,#213,1.9750000000000014,0.125);
#215=IFCCARTESIANPOINT((0.,0.,0.));
#216=IFCDIRECTION((0.,0.,1.));
#217=IFCDIRECTION((1.,0.,0.));
#218=IFCAXIS2PLACEMENT3D(#215,#216,#217);
#219=IFCDIRECTION((0.,0.,1.));
#220=IFCEXTRUDEDAREASOLID(#214,#218,#219,3.);
#221=IFCSHAPEREPRESENTATION(#17,'Axis','Curve2D',(#211));
#222=IFCSHAPEREPRESENTATION(#12,'Body','SweptSolid',(#220));
#223=IFCPRODUCTDEFINITIONSHAPE($,$,(#221,#222));
#224=IFCWALL('1fK4fsu95OSub41dgTa5Y0',$,'W-006',$,$,#208,#223,$,$);
#225=IFCPROPERTYSINGLEVALUE('id',$,IFCLABEL('W-006'),$);
#226=IFCPROPERTYSINGLEVALUE('HeightDefaulted',$,IFCBOOLEAN(.T.),$);
#227=IFCPROPERTYSINGLEVALUE('MaterialFromThickness',$,IFCBOOLEAN(.T.),$);
#228=IFCPROPERTYSET('2R7RWVFInUGwPqYMu8O_cl',$,'yaml-ifc',$,(#225,#226,#227));
#229=IFCRELDEFINESBYPROPERTIES('1siDs0sUnV0PeX05RskaNB',$,$,$,(#224),#228);
#230=IFCMATERIAL('wall',$,$);
#231=IFCMATERIALLAYER(#230,0.125,$,$,$,$,$);
#232=IFCMATERIALLAYERSET((#231),'W-006',$);
#233=IFCMATERIALLAYERSETUSAGE(#232,.AXIS2.,.POSITIVE.,-0.0625,$);
#234=IFCRELASSOCIATESMATERIAL('2BVWkGy0HKbvF5wM65DkHE',$,$,$,(#224),#233);
#235=IFCCARTESIANPOINT((35.200000000000003,5.4249999999999998,0.));
#236=IFCDIRECTION((0.,0.,1.));
#237=IFCDIRECTION((1.,0.,0.));
#238=IFCAXIS2PLACEMENT3D(#235,#236,#237);
#239=IFCLOCALPLACEMENT(#35,#238);
#240=IFCCARTESIANPOINT((0.,0.));
#241=IFCCARTESIANPOINT((2.5499999999999972,0.));
#242=IFCPOLYLINE((#240,#241));
#243=IFCCARTESIANPOINT((1.2749999999999986,0.));
#244=IFCAXIS2PLACEMENT2D(#243,$);
#245=IFCRECTANGLEPROFILEDEF(.AREA.,$,#244,2.5499999999999972,0.25);
#246=IFCCARTESIANPOINT((0.,0.,0.));
#247=IFCDIRECTION((0.,0.,1.));
#248=IFCDIRECTION((1.,0.,0.));
#249=IFCAXIS2PLACEMENT3D(#246,#247,#248);
#250=IFCDIRECTION((0.,0.,1.));
#251=IFCEXTRUDEDAREASOLID(#245,#249,#250,3.);
#252=IFCSHAPEREPRESENTATION(#17,'Axis','Curve2D',(#242));
#253=IFCSHAPEREPRESENTATION(#12,'Body','SweptSolid',(#251));
#254=IFCPRODUCTDEFINITIONSHAPE($,$,(#252,#253));
#255=IFCWALL('0anq6gd1LGJOy6pdgRmFZ5',$,'W-007',$,$,#239,#254,$,$);
#256=IFCPROPERTYSINGLEVALUE('id',$,IFCLABEL('W-007'),$);
#257=IFCPROPERTYSINGLEVALUE('HeightDefaulted',$,IFCBOOLEAN(.T.),$);
#258=IFCPROPERTYSINGLEVALUE('MaterialFromThickness',$,IFCBOOLEAN(.T.),$);
#259=IFCPROPERTYSET('0V5kJtjI5KJfWQKIVw0cci',$,'yaml-ifc',$,(#256,#257,#258));
#260=IFCRELDEFINESBYPROPERTIES('3XPnD70rnTp852t8I6CQjs',$,$,$,(#255),#259);
#261=IFCMATERIAL('wall',$,$);
#262=IFCMATERIALLAYER(#261,0.25,$,$,$,$,$);
#263=IFCMATERIALLAYERSET((#262),'W-007',$);
#264=IFCMATERIALLAYERSETUSAGE(#263,.AXIS2.,.POSITIVE.,-0.125,$);
#265=IFCRELASSOCIATESMATERIAL('0v$9ex3frMdvI7d2dkyj29',$,$,$,(#255),#264);
#266=IFCCARTESIANPOINT((32.450000000000003,5.8375000000000004,0.));
#267=IFCDIRECTION((0.,0.,1.));
#268=IFCDIRECTION((1.,0.,0.));
#269=IFCAXIS2PLACEMENT3D(#266,#267,#268);
#270=IFCLOCALPLACEMENT(#35,#269);
#271=IFCCARTESIANPOINT((0.,0.));
#272=IFCCARTESIANPOINT((2.1999999999999957,0.));
#273=IFCPOLYLINE((#271,#272));
#274=IFCCARTESIANPOINT((1.0999999999999979,0.));
#275=IFCAXIS2PLACEMENT2D(#274,$);
#276=IFCRECTANGLEPROFILEDEF(.AREA.,$,#275,2.1999999999999957,0.125);
#277=IFCCARTESIANPOINT((0.,0.,0.));
#278=IFCDIRECTION((0.,0.,1.));
#279=IFCDIRECTION((1.,0.,0.));
#280=IFCAXIS2PLACEMENT3D(#277,#278,#279);
#281=IFCDIRECTION((0.,0.,1.));
#282=IFCEXTRUDEDAREASOLID(#276,#280,#281,3.);
#283=IFCSHAPEREPRESENTATION(#17,'Axis','Curve2D',(#273));
#284=IFCSHAPEREPRESENTATION(#12,'Body','SweptSolid',(#282));
#285=IFCPRODUCTDEFINITIONSHAPE($,$,(#283,#284));
#286=IFCWALL('1vfu5XHOjSRA2WduQ6AYVX',$,'W-008',$,$,#270,#285,$,$);
#287=IFCPROPERTYSINGLEVALUE('id',$,IFCLABEL('W-008'),$);
#288=IFCPROPERTYSINGLEVALUE('HeightDefaulted',$,IFCBOOLEAN(.T.),$);
#289=IFCPROPERTYSINGLEVALUE('MaterialFromThickness',$,IFCBOOLEAN(.T.),$);
#290=IFCPROPERTYSET('0wrd81U6bOxwsyvxBatbjQ',$,'yaml-ifc',$,(#287,#288,#289));
#291=IFCRELDEFINESBYPROPERTIES('1RH9D5XjnLr9knqSG0bRT_',$,$,$,(#286),#290);
#292=IFCMATERIAL('wall',$,$);
#293=IFCMATERIALLAYER(#292,0.125,$,$,$,$,$);
#294=IFCMATERIALLAYERSET((#293),'W-008',$);
#295=IFCMATERIALLAYERSETUSAGE(#294,.AXIS2.,.POSITIVE.,-0.0625,$);
#296=IFCRELASSOCIATESMATERIAL('1DSMZVI9jU9vRg7K1n0s1l',$,$,$,(#286),#295);
#297=IFCCARTESIANPOINT((30.149999999999999,5.9000000000000004,0.));
#298=IFCDIRECTION((0.,0.,1.));
#299=IFCDIRECTION((1.,0.,0.));
#300=IFCAXIS2PLACEMENT3D(#297,#298,#299);
#301=IFCLOCALPLACEMENT(#35,#300);
#302=IFCCARTESIANPOINT((0.,0.));
#303=IFCCARTESIANPOINT((2.1750000000000043,0.));
#304=IFCPOLYLINE((#302,#303));
#305=IFCCARTESIANPOINT((1.0875000000000021,0.));
#306=IFCAXIS2PLACEMENT2D(#305,$);
#307=IFCRECTANGLEPROFILEDEF(.AREA.,$,#306,2.1750000000000043,0.25);
#308=IFCCARTESIANPOINT((0.,0.,0.));
#309=IFCDIRECTION((0.,0.,1.));
#310=IFCDIRECTION((1.,0.,0.));
#311=IFCAXIS2PLACEMENT3D(#308,#309,#310);
#312=IFCDIRECTION((0.,0.,1.));
#313=IFCEXTRUDEDAREASOLID(#307,#311,#312,3.);
#314=IFCSHAPEREPRESENTATION(#17,'Axis','Curve2D',(#304));
#315=IFCSHAPEREPRESENTATION(#12,'Body','SweptSolid',(#313));
#316=IFCPRODUCTDEFINITIONSHAPE($,$,(#314,#315));
#317=IFCWALL('2LFr4QSFnUdwanmRx1ahO3',$,'W-009',$,$,#301,#316,$,$);
#318=IFCPROPERTYSINGLEVALUE('id',$,IFCLABEL('W-009'),$);
#319=IFCPROPERTYSINGLEVALUE('HeightDefaulted',$,IFCBOOLEAN(.T.),$);
#320=IFCPROPERTYSINGLEVALUE('MaterialFromThickness',$,IFCBOOLEAN(.T.),$);
#321=IFCPROPERTYSET('1ZoYrVgnXV5R4HG72Y3GdV',$,'yaml-ifc',$,(#318,#319,#320));
#322=IFCRELDEFINESBYPROPERTIES('1h9Vy8EdzSMQWL4XIJLC9R',$,$,$,(#317),#321);
#323=IFCMATERIAL('wall',$,$);
#324=IFCMATERIALLAYER(#323,0.25,$,$,$,$,$);
#325=IFCMATERIALLAYERSET((#324),'W-009',$);
#326=IFCMATERIALLAYERSETUSAGE(#325,.AXIS2.,.POSITIVE.,-0.125,$);
#327=IFCRELASSOCIATESMATERIAL('1ESMR3ZeLLJ9MVOfPoeMRk',$,$,$,(#317),#326);
#328=IFCCARTESIANPOINT((44.700000000000003,6.6749999999999998,0.));
#329=IFCDIRECTION((0.,0.,1.));
#330=IFCDIRECTION((1.,0.,0.));
#331=IFCAXIS2PLACEMENT3D(#328,#329,#330);
#332=IFCLOCALPLACEMENT(#35,#331);
#333=IFCCARTESIANPOINT((0.,0.));
#334=IFCCARTESIANPOINT((0.34999999999999432,0.));
#335=IFCPOLYLINE((#333,#334));
#336=IFCCARTESIANPOINT((0.17499999999999716,0.));
#337=IFCAXIS2PLACEMENT2D(#336,$);
#338=IFCRECTANGLEPROFILEDEF(.AREA.,$,#337,0.34999999999999432,0.45000000000000001);
#339=IFCCARTESIANPOINT((0.,0.,0.));
#340=IFCDIRECTION((0.,0.,1.));
#341=IFCDIRECTION((1.,0.,0.));
#342=IFCAXIS2PLACEMENT3D(#339,#340,#341);
#343=IFCDIRECTION((0.,0.,1.));
#344=IFCEXTRUDEDAREASOLID(#338,#342,#343,3.);
#345=IFCSHAPEREPRESENTATION(#17,'Axis','Curve2D',(#335));
#346=IFCSHAPEREPRESENTATION(#12,'Body','SweptSolid',(#344));
#347=IFCPRODUCTDEFINITIONSHAPE($,$,(#345,#346));
#348=IFCWALL('0aaj75WbXTLxMlxDjCxBT4',$,'W-010',$,$,#332,#347,$,$);
#349=IFCPROPERTYSINGLEVALUE('id',$,IFCLABEL('W-010'),$);
#350=IFCPROPERTYSINGLEVALUE('HeightDefaulted',$,IFCBOOLEAN(.T.),$);
#351=IFCPROPERTYSINGLEVALUE('MaterialFromThickness',$,IFCBOOLEAN(.T.),$);
#352=IFCPROPERTYSET('2Z$AAYHTjRkeZEd_WG3Bgi',$,'yaml-ifc',$,(#349,#350,#351));
#353=IFCRELDEFINESBYPROPERTIES('3uURQlQifVlQtoQMs3rNVI',$,$,$,(#348),#352);
#354=IFCMATERIAL('wall',$,$);
#355=IFCMATERIALLAYER(#354,0.45000000000000001,$,$,$,$,$);
#356=IFCMATERIALLAYERSET((#355),'W-010',$);
#357=IFCMATERIALLAYERSETUSAGE(#356,.AXIS2.,.POSITIVE.,-0.22500000000000001,$);
#358=IFCRELASSOCIATESMATERIAL('06L4VwQUjI7ROQgf5SJaGI',$,$,$,(#348),#357);
#359=IFCCARTESIANPOINT((34.399999999999999,7.9749999999999996,0.));
#360=IFCDIRECTION((0.,0.,1.));
#361=IFCDIRECTION((1.,0.,0.));
#362=IFCAXIS2PLACEMENT3D(#359,#360,#361);
#363=IFCLOCALPLACEMENT(#35,#362);
#364=IFCCARTESIANPOINT((0.,0.));
#365=IFCCARTESIANPOINT((0.35000000000000142,0.));
#366=IFCPOLYLINE((#364,#365));
#367=IFCCARTESIANPOINT((0.17500000000000071,0.));
#368=IFCAXIS2PLACEMENT2D(#367,$);
#369=IFCRECTANGLEPROFILEDEF(.AREA.,$,#368,0.35000000000000142,0.45000000000000001);
#370=IFCCARTESIANPOINT((0.,0.,0.));
#371=IFCDIRECTION((0.,0.,1.));
#372=IFCDIRECTION((1.,0.,0.));
#373=IFCAXIS2PLACEMENT3D(#370,#371,#372);
#374=IFCDIRECTION((0.,0.,1.));
#375=IFCEXTRUDEDAREASOLID(#369,#373,#374,3.);
#376=IFCSHAPEREPRESENTATION(#17,'Axis','Curve2D',(#366));
#377=IFCSHAPEREPRESENTATION(#12,'Body','SweptSolid',(#375));
#378=IFCPRODUCTDEFINITIONSHAPE($,$,(#376,#377));
#379=IFCWALL('3k4dW1kffVNvzkTWqzHrcu',$,'W-011',$,$,#363,#378,$,$);
#380=IFCPROPERTYSINGLEVALUE('id',$,IFCLABEL('W-011'),$);
#381=IFCPROPERTYSINGLEVALUE('HeightDefaulted',$,IFCBOOLEAN(.T.),$);
#382=IFCPROPERTYSINGLEVALUE('MaterialFromThickness',$,IFCBOOLEAN(.T.),$);
#383=IFCPROPERTYSET('31LLr5YzbJKANK$fCz73LK',$,'yaml-ifc',$,(#380,#381,#382));
#384=IFCRELDEFINESBYPROPERTIES('1c68U8t3fQz9b4Y8EkrvMs',$,$,$,(#379),#383);
#385=IFCMATERIAL('wall',$,$);
#386=IFCMATERIALLAYER(#385,0.45000000000000001,$,$,$,$,$);
#387=IFCMATERIALLAYERSET((#386),'W-011',$);
#388=IFCMATERIALLAYERSETUSAGE(#387,.AXIS2.,.POSITIVE.,-0.22500000000000001,$);
#389=IFCRELASSOCIATESMATERIAL('1zTjr0Ug5SHvp$KBdPWBSZ',$,$,$,(#379),#388);
#390=IFCCARTESIANPOINT((18.,8.0250000000000004,0.));
#391=IFCDIRECTION((0.,0.,1.));
#392=IFCDIRECTION((1.,0.,0.));
#393=IFCAXIS2PLACEMENT3D(#390,#391,#392);
#394=IFCLOCALPLACEMENT(#35,#393);
#395=IFCCARTESIANPOINT((0.,0.));
#396=IFCCARTESIANPOINT((0.55000000000000071,0.));
#397=IFCPOLYLINE((#395,#396));
#398=IFCCARTESIANPOINT((0.27500000000000036,0.));
#399=IFCAXIS2PLACEMENT2D(#398,$);
#400=IFCRECTANGLEPROFILEDEF(.AREA.,$,#399,0.55000000000000071,0.34999999999999998);
#401=IFCCARTESIANPOINT((0.,0.,0.));
#402=IFCDIRECTION((0.,0.,1.));
#403=IFCDIRECTION((1.,0.,0.));
#404=IFCAXIS2PLACEMENT3D(#401,#402,#403);
#405=IFCDIRECTION((0.,0.,1.));
#406=IFCEXTRUDEDAREASOLID(#400,#404,#405,3.);
#407=IFCSHAPEREPRESENTATION(#17,'Axis','Curve2D',(#397));
#408=IFCSHAPEREPRESENTATION(#12,'Body','SweptSolid',(#406));
#409=IFCPRODUCTDEFINITIONSHAPE($,$,(#407,#408));
#410=IFCWALL('396BUwFHnHnAvfWx8m6MWW',$,'W-012',$,$,#394,#409,$,$);
#411=IFCPROPERTYSINGLEVALUE('id',$,IFCLABEL('W-012'),$);
#412=IFCPROPERTYSINGLEVALUE('HeightDefaulted',$,IFCBOOLEAN(.T.),$);
#413=IFCPROPERTYSINGLEVALUE('MaterialFromThickness',$,IFCBOOLEAN(.T.),$);
#414=IFCPROPERTYSET('1GxfH6xyfQOO1AWR0LOzd1',$,'yaml-ifc',$,(#411,#412,#413));
#415=IFCRELDEFINESBYPROPERTIES('0wpbn2sy5UgPXh0xwQWdem',$,$,$,(#410),#414);
#416=IFCMATERIAL('wall',$,$);
#417=IFCMATERIALLAYER(#416,0.34999999999999998,$,$,$,$,$);
#418=IFCMATERIALLAYERSET((#417),'W-012',$);
#419=IFCMATERIALLAYERSETUSAGE(#418,.AXIS2.,.POSITIVE.,-0.17499999999999999,$);
#420=IFCRELASSOCIATESMATERIAL('01XaH$3QHJJPW0RarEuP_s',$,$,$,(#410),#419);
#421=IFCCARTESIANPOINT((3.9249999999999998,8.0749999999999993,0.));
#422=IFCDIRECTION((0.,0.,1.));
#423=IFCDIRECTION((1.,0.,0.));
#424=IFCAXIS2PLACEMENT3D(#421,#422,#423);
#425=IFCLOCALPLACEMENT(#35,#424);
#426=IFCCARTESIANPOINT((0.,0.));
#427=IFCCARTESIANPOINT((13.625,0.));
#428=IFCPOLYLINE((#426,#427));
#429=IFCCARTESIANPOINT((6.8125,0.));
#430=IFCAXIS2PLACEMENT2D(#429,$);
#431=IFCRECTANGLEPROFILEDEF(.AREA.,$,#430,13.625,0.25);
#432=IFCCARTESIANPOINT((0.,0.,0.));
#433=IFCDIRECTION((0.,0.,1.));
#434=IFCDIRECTION((1.,0.,0.));
#435=IFCAXIS2PLACEMENT3D(#432,#433,#434);
#436=IFCDIRECTION((0.,0.,1.));
#437=IFCEXTRUDEDAREASOLID(#431,#435,#436,3.);
#438=IFCSHAPEREPRESENTATION(#17,'Axis','Curve2D',(#428));
#439=IFCSHAPEREPRESENTATION(#12,'Body','SweptSolid',(#437));
#440=IFCPRODUCTDEFINITIONSHAPE($,$,(#438,#439));
#441=IFCWALL('0c5NQKezvM7g9_gbdAhXzq',$,'W-013',$,$,#425,#440,$,$);
#442=IFCPROPERTYSINGLEVALUE('id',$,IFCLABEL('W-013'),$);
#443=IFCPROPERTYSINGLEVALUE('HeightDefaulted',$,IFCBOOLEAN(.T.),$);
#444=IFCPROPERTYSINGLEVALUE('MaterialFromThickness',$,IFCBOOLEAN(.T.),$);
#445=IFCPROPERTYSET('2YxorZfIbRYehfrlY$CSKW',$,'yaml-ifc',$,(#442,#443,#444));
#446=IFCRELDEFINESBYPROPERTIES('2fOfwrCanU$R2gYCxG6mem',$,$,$,(#441),#445);
#447=IFCMATERIAL('wall',$,$);
#448=IFCMATERIALLAYER(#447,0.25,$,$,$,$,$);
#449=IFCMATERIALLAYERSET((#448),'W-013',$);
#450=IFCMATERIALLAYERSETUSAGE(#449,.AXIS2.,.POSITIVE.,-0.125,$);
#451=IFCRELASSOCIATESMATERIAL('1I1ULkHtbK2eggXW5WvBw1',$,$,$,(#441),#450);
#452=IFCCARTESIANPOINT((24.289999999999999,8.0749999999999993,0.));
#453=IFCDIRECTION((0.,0.,1.));
#454=IFCDIRECTION((1.,0.,0.));
#455=IFCAXIS2PLACEMENT3D(#452,#453,#454);
#456=IFCLOCALPLACEMENT(#35,#455);
#457=IFCCARTESIANPOINT((0.,0.));
#458=IFCCARTESIANPOINT((0.12000000000000099,0.));
#459=IFCPOLYLINE((#457,#458));
#460=IFCCARTESIANPOINT((0.060000000000000497,0.));
#461=IFCAXIS2PLACEMENT2D(#460,$);
#462=IFCRECTANGLEPROFILEDEF(.AREA.,$,#461,0.12000000000000099,0.12);
#463=IFCCARTESIANPOINT((0.,0.,0.));
#464=IFCDIRECTION((0.,0.,1.));
#465=IFCDIRECTION((1.,0.,0.));
#466=IFCAXIS2PLACEMENT3D(#463,#464,#465);
#467=IFCDIRECTION((0.,0.,1.));
#468=IFCEXTRUDEDAREASOLID(#462,#466,#467,3.);
#469=IFCSHAPEREPRESENTATION(#17,'Axis','Curve2D',(#459));
#470=IFCSHAPEREPRESENTATION(#12,'Body','SweptSolid',(#468));
#471=IFCPRODUCTDEFINITIONSHAPE($,$,(#469,#470));
#472=IFCWALL('1nnLsdcejKO95DvXs$PA4j',$,'W-014',$,$,#456,#471,$,$);
#473=IFCPROPERTYSINGLEVALUE('id',$,IFCLABEL('W-014'),$);
#474=IFCPROPERTYSINGLEVALUE('HeightDefaulted',$,IFCBOOLEAN(.T.),$);
#475=IFCPROPERTYSINGLEVALUE('MaterialFromThickness',$,IFCBOOLEAN(.T.),$);
#476=IFCPROPERTYSET('1KClvRhaHKZv7zUApb4pPT',$,'yaml-ifc',$,(#473,#474,#475));
#477=IFCRELDEFINESBYPROPERTIES('33usr6xj1Ime63349b3viS',$,$,$,(#472),#476);
#478=IFCMATERIAL('wall',$,$);
#479=IFCMATERIALLAYER(#478,0.12,$,$,$,$,$);
#480=IFCMATERIALLAYERSET((#479),'W-014',$);
#481=IFCMATERIALLAYERSETUSAGE(#480,.AXIS2.,.POSITIVE.,-0.059999999999999998,$);
#482=IFCRELASSOCIATESMATERIAL('02G8PoUenJ_O6AyySdbFIS',$,$,$,(#472),#481);
#483=IFCCARTESIANPOINT((30.149999999999999,8.0749999999999993,0.));
#484=IFCDIRECTION((0.,0.,1.));
#485=IFCDIRECTION((1.,0.,0.));
#486=IFCAXIS2PLACEMENT3D(#483,#484,#485);
#487=IFCLOCALPLACEMENT(#35,#486);
#488=IFCCARTESIANPOINT((0.,0.));
#489=IFCCARTESIANPOINT((2.0750000000000028,0.));
#490=IFCPOLYLINE((#488,#489));
#491=IFCCARTESIANPOINT((1.0375000000000014,0.));
#492=IFCAXIS2PLACEMENT2D(#491,$);
#493=IFCRECTANGLEPROFILEDEF(.AREA.,$,#492,2.0750000000000028,0.25);
#494=IFCCARTESIANPOINT((0.,0.,0.));
#495=IFCDIRECTION((0.,0.,1.));
#496=IFCDIRECTION((1.,0.,0.));
#497=IFCAXIS2PLACEMENT3D(#494,#495,#496);
#498=IFCDIRECTION((0.,0.,1.));
#499=IFCEXTRUDEDAREASOLID(#493,#497,#498,3.);
#500=IFCSHAPEREPRESENTATION(#17,'Axis','Curve2D',(#490));
#501=IFCSHAPEREPRESENTATION(#12,'Body','SweptSolid',(#499));
#502=IFCPRODUCTDEFINITIONSHAPE($,$,(#500,#501));
#503=IFCWALL('1P8$bdmIjMzvZBSf036uY4',$,'W-015',$,$,#487,#502,$,$);
#504=IFCPROPERTYSINGLEVALUE('id',$,IFCLABEL('W-015'),$);
#505=IFCPROPERTYSINGLEVALUE('HeightDefaulted',$,IFCBOOLEAN(.T.),$);
#506=IFCPROPERTYSINGLEVALUE('MaterialFromThickness',$,IFCBOOLEAN(.T.),$);
#507=IFCPROPERTYSET('0NjaSSWFzVJBVT6TVMGcA0',$,'yaml-ifc',$,(#504,#505,#506));
#508=IFCRELDEFINESBYPROPERTIES('2V8Uw24XnVPRuJHpZHIkVF',$,$,$,(#503),#507);
#509=IFCMATERIAL('wall',$,$);
#510=IFCMATERIALLAYER(#509,0.25,$,$,$,$,$);
#511=IFCMATERIALLAYERSET((#510),'W-015',$);
#512=IFCMATERIALLAYERSETUSAGE(#511,.AXIS2.,.POSITIVE.,-0.125,$);
#513=IFCRELASSOCIATESMATERIAL('3XY0ygNVrUk9b$vgBbSOT7',$,$,$,(#503),#512);
#514=IFCCARTESIANPOINT((32.975000000000001,8.0749999999999993,0.));
#515=IFCDIRECTION((0.,0.,1.));
#516=IFCDIRECTION((1.,0.,0.));
#517=IFCAXIS2PLACEMENT3D(#514,#515,#516);
#518=IFCLOCALPLACEMENT(#35,#517);
#519=IFCCARTESIANPOINT((0.,0.));
#520=IFCCARTESIANPOINT((1.4249999999999972,0.));
#521=IFCPOLYLINE((#519,#520));
#522=IFCCARTESIANPOINT((0.71249999999999858,0.));
#523=IFCAXIS2PLACEMENT2D(#522,$);
#524=IFCRECTANGLEPROFILEDEF(.AREA.,$,#523,1.4249999999999972,0.25);
#525=IFCCARTESIANPOINT((0.,0.,0.));
#526=IFCDIRECTION((0.,0.,1.));
#527=IFCDIRECTION((1.,0.,0.));
#528=IFCAXIS2PLACEMENT3D(#525,#526,#527);
#529=IFCDIRECTION((0.,0.,1.));
#530=IFCEXTRUDEDAREASOLID(#524,#528,#529,3.);
#531=IFCSHAPEREPRESENTATION(#17,'Axis','Curve2D',(#521));
#532=IFCSHAPEREPRESENTATION(#12,'Body','SweptSolid',(#530));
#533=IFCPRODUCTDEFINITIONSHAPE($,$,(#531,#532));
#534=IFCWALL('1bM1dnDuPSDQYiz4o0MY74',$,'W-016',$,$,#518,#533,$,$);
#535=IFCPROPERTYSINGLEVALUE('id',$,IFCLABEL('W-016'),$);
#536=IFCPROPERTYSINGLEVALUE('HeightDefaulted',$,IFCBOOLEAN(.T.),$);
#537=IFCPROPERTYSINGLEVALUE('MaterialFromThickness',$,IFCBOOLEAN(.T.),$);
#538=IFCPROPERTYSET('2d6K6kJ1jQZ9AvSZtCQLws',$,'yaml-ifc',$,(#535,#536,#537));
#539=IFCRELDEFINESBYPROPERTIES('3oOsmS66bSfgJQhQLTPpH8',$,$,$,(#534),#538);
#540=IFCMATERIAL('wall',$,$);
#541=IFCMATERIALLAYER(#540,0.25,$,$,$,$,$);
#542=IFCMATERIALLAYERSET((#541),'W-016',$);
#543=IFCMATERIALLAYERSETUSAGE(#542,.AXIS2.,.POSITIVE.,-0.125,$);
#544=IFCRELASSOCIATESMATERIAL('2Uf8IySszGghQtLsaBXIQV',$,$,$,(#534),#543);
#545=IFCCARTESIANPOINT((14.225,9.4749999999999996,0.));
#546=IFCDIRECTION((0.,0.,1.));
#547=IFCDIRECTION((1.,0.,0.));
#548=IFCAXIS2PLACEMENT3D(#545,#546,#547);
#549=IFCLOCALPLACEMENT(#35,#548);
#550=IFCCARTESIANPOINT((0.,0.));
#551=IFCCARTESIANPOINT((1.5250000000000004,0.));
#552=IFCPOLYLINE((#550,#551));
#553=IFCSHAPEREPRESENTATION(#17,'Axis','Curve2D',(#552));
#554=IFCPRODUCTDEFINITIONSHAPE($,$,(#553));
#555=IFCWALL('0u_7GUU6HP481qeCkQUc8q',$,'W-017',$,$,#549,#554,$,$);
#556=IFCPROPERTYSINGLEVALUE('id',$,IFCLABEL('W-017'),$);
#557=IFCPROPERTYSET('2zAjqYCxPMlxcT2WJRlMbC',$,'yaml-ifc',$,(#556));
#558=IFCRELDEFINESBYPROPERTIES('0fbJKXG1zLRRzgPxCIVmFh',$,$,$,(#555),#557);
#559=IFCCARTESIANPOINT((0.45000000000000001,9.5625,0.));
#560=IFCDIRECTION((0.,0.,1.));
#561=IFCDIRECTION((1.,0.,0.));
#562=IFCAXIS2PLACEMENT3D(#559,#560,#561);
#563=IFCLOCALPLACEMENT(#35,#562);
#564=IFCCARTESIANPOINT((0.,0.));
#565=IFCCARTESIANPOINT((5.0750000000000002,0.));
#566=IFCPOLYLINE((#564,#565));
#567=IFCCARTESIANPOINT((2.5375000000000001,0.));
#568=IFCAXIS2PLACEMENT2D(#567,$);
#569=IFCRECTANGLEPROFILEDEF(.AREA.,$,#568,5.0750000000000002,0.125);
#570=IFCCARTESIANPOINT((0.,0.,0.));
#571=IFCDIRECTION((0.,0.,1.));
#572=IFCDIRECTION((1.,0.,0.));
#573=IFCAXIS2PLACEMENT3D(#570,#571,#572);
#574=IFCDIRECTION((0.,0.,1.));
#575=IFCEXTRUDEDAREASOLID(#569,#573,#574,3.);
#576=IFCSHAPEREPRESENTATION(#17,'Axis','Curve2D',(#566));
#577=IFCSHAPEREPRESENTATION(#12,'Body','SweptSolid',(#575));
#578=IFCPRODUCTDEFINITIONSHAPE($,$,(#576,#577));
#579=IFCWALL('1fBN8j7PrNGRC6A7KCGEaG',$,'W-018',$,$,#563,#578,$,$);
#580=IFCPROPERTYSINGLEVALUE('id',$,IFCLABEL('W-018'),$);
#581=IFCPROPERTYSINGLEVALUE('HeightDefaulted',$,IFCBOOLEAN(.T.),$);
#582=IFCPROPERTYSINGLEVALUE('MaterialFromThickness',$,IFCBOOLEAN(.T.),$);
#583=IFCPROPERTYSET('31uxqtW4bQ7gKl5DP4NzIE',$,'yaml-ifc',$,(#580,#581,#582));
#584=IFCRELDEFINESBYPROPERTIES('0Z8G97_trNmvzCOa3qXHqf',$,$,$,(#579),#583);
#585=IFCMATERIAL('wall',$,$);
#586=IFCMATERIALLAYER(#585,0.125,$,$,$,$,$);
#587=IFCMATERIALLAYERSET((#586),'W-018',$);
#588=IFCMATERIALLAYERSETUSAGE(#587,.AXIS2.,.POSITIVE.,-0.0625,$);
#589=IFCRELASSOCIATESMATERIAL('0yxUvN2WDJxRI7txnfnW5o',$,$,$,(#579),#588);
#590=IFCCARTESIANPOINT((33.100000000000001,9.9875000000000007,0.));
#591=IFCDIRECTION((0.,0.,1.));
#592=IFCDIRECTION((1.,0.,0.));
#593=IFCAXIS2PLACEMENT3D(#590,#591,#592);
#594=IFCLOCALPLACEMENT(#35,#593);
#595=IFCCARTESIANPOINT((0.,0.));
#596=IFCCARTESIANPOINT((4.75,0.));
#597=IFCPOLYLINE((#595,#596));
#598=IFCCARTESIANPOINT((2.375,0.));
#599=IFCAXIS2PLACEMENT2D(#598,$);
#600=IFCRECTANGLEPROFILEDEF(.AREA.,$,#599,4.75,0.125);
#601=IFCCARTESIANPOINT((0.,0.,0.));
#602=IFCDIRECTION((0.,0.,1.));
#603=IFCDIRECTION((1.,0.,0.));
#604=IFCAXIS2PLACEMENT3D(#601,#602,#603);
#605=IFCDIRECTION((0.,0.,1.));
#606=IFCEXTRUDEDAREASOLID(#600,#604,#605,3.);
#607=IFCSHAPEREPRESENTATION(#17,'Axis','Curve2D',(#597));
#608=IFCSHAPEREPRESENTATION(#12,'Body','SweptSolid',(#606));
#609=IFCPRODUCTDEFINITIONSHAPE($,$,(#607,#608));
#610=IFCWALL('3QJDYCRFPSbP4jnfnQNTjD',$,'W-019',$,$,#594,#609,$,$);
#611=IFCPROPERTYSINGLEVALUE('id',$,IFCLABEL('W-019'),$);
#612=IFCPROPERTYSINGLEVALUE('HeightDefaulted',$,IFCBOOLEAN(.T.),$);
#613=IFCPROPERTYSINGLEVALUE('MaterialFromThickness',$,IFCBOOLEAN(.T.),$);
#614=IFCPROPERTYSET('0FMBSBlsnTKBrJ08jBurqi',$,'yaml-ifc',$,(#611,#612,#613));
#615=IFCRELDEFINESBYPROPERTIES('3lruE2Az1PnQopSt_133Ad',$,$,$,(#610),#614);
#616=IFCMATERIAL('wall',$,$);
#617=IFCMATERIALLAYER(#616,0.125,$,$,$,$,$);
#618=IFCMATERIALLAYERSET((#617),'W-019',$);
#619=IFCMATERIALLAYERSETUSAGE(#618,.AXIS2.,.POSITIVE.,-0.0625,$);
#620=IFCRELASSOCIATESMATERIAL('3yfu4xkmPNxAoTojL8pub0',$,$,$,(#610),#619);
#621=IFCCARTESIANPOINT((19.,10.025,0.));
#622=IFCDIRECTION((0.,0.,1.));
#623=IFCDIRECTION((1.,0.,0.));
#624=IFCAXIS2PLACEMENT3D(#621,#622,#623);
#625=IFCLOCALPLACEMENT(#35,#624);
#626=IFCCARTESIANPOINT((0.,0.));
#627=IFCCARTESIANPOINT((0.5,0.));
#628=IFCPOLYLINE((#626,#627));
#629=IFCCARTESIANPOINT((0.25,0.));
#630=IFCAXIS2PLACEMENT2D(#629,$);
#631=IFCRECTANGLEPROFILEDEF(.AREA.,$,#630,0.5,0.45000000000000001);
#632=IFCCARTESIANPOINT((0.,0.,0.));
#633=IFCDIRECTION((0.,0.,1.));
#634=IFCDIRECTION((1.,0.,0.));
#635=IFCAXIS2PLACEMENT3D(#632,#633,#634);
#636=IFCDIRECTION((0.,0.,1.));
#637=IFCEXTRUDEDAREASOLID(#631,#635,#636,3.);
#638=IFCSHAPEREPRESENTATION(#17,'Axis','Curve2D',(#628));
#639=IFCSHAPEREPRESENTATION(#12,'Body','SweptSolid',(#637));
#640=IFCPRODUCTDEFINITIONSHAPE($,$,(#638,#639));
#641=IFCWALL('1T2JGuljXVbuEdTsTmuKc0',$,'W-020',$,$,#625,#640,$,$);
#642=IFCPROPERTYSINGLEVALUE('id',$,IFCLABEL('W-020'),$);
#643=IFCPROPERTYSINGLEVALUE('HeightDefaulted',$,IFCBOOLEAN(.T.),$);
#644=IFCPROPERTYSINGLEVALUE('MaterialFromThickness',$,IFCBOOLEAN(.T.),$);
#645=IFCPROPERTYSET('3BmG6A3tDThgXLXf8v8eVs',$,'yaml-ifc',$,(#642,#643,#644));
#646=IFCRELDEFINESBYPROPERTIES('2Mf05ceuDJ$88EXmBVgnrX',$,$,$,(#641),#645);
#647=IFCMATERIAL('wall',$,$);
#648=IFCMATERIALLAYER(#647,0.45000000000000001,$,$,$,$,$);
#649=IFCMATERIALLAYERSET((#648),'W-020',$);
#650=IFCMATERIALLAYERSETUSAGE(#649,.AXIS2.,.POSITIVE.,-0.22500000000000001,$);
#651=IFCRELASSOCIATESMATERIAL('06QhYjn6zRoh5lLLrRQ3UM',$,$,$,(#641),#650);
#652=IFCCARTESIANPOINT((29.,10.025,0.));
#653=IFCDIRECTION((0.,0.,1.));
#654=IFCDIRECTION((1.,0.,0.));
#655=IFCAXIS2PLACEMENT3D(#652,#653,#654);
#656=IFCLOCALPLACEMENT(#35,#655);
#657=IFCCARTESIANPOINT((0.,0.));
#658=IFCCARTESIANPOINT((0.69999999999999929,0.));
#659=IFCPOLYLINE((#657,#658));
#660=IFCCARTESIANPOINT((0.34999999999999964,0.));
#661=IFCAXIS2PLACEMENT2D(#660,$);
#662=IFCRECTANGLEPROFILEDEF(.AREA.,$,#661,0.69999999999999929,0.45000000000000001);
#663=IFCCARTESIANPOINT((0.,0.,0.));
#664=IFCDIRECTION((0.,0.,1.));
#665=IFCDIRECTION((1.,0.,0.));
#666=IFCAXIS2PLACEMENT3D(#663,#664,#665);
#667=IFCDIRECTION((0.,0.,1.));
#668=IFCEXTRUDEDAREASOLID(#662,#666,#667,3.);
#669=IFCSHAPEREPRESENTATION(#17,'Axis','Curve2D',(#659));
#670=IFCSHAPEREPRESENTATION(#12,'Body','SweptSolid',(#668));
#671=IFCPRODUCTDEFINITIONSHAPE($,$,(#669,#670));
#672=IFCWALL('3Izy5zgUjOqw3x3$kE8win',$,'W-021',$,$,#656,#671,$,$);
#673=IFCPROPERTYSINGLEVALUE('id',$,IFCLABEL('W-021'),$);
#674=IFCPROPERTYSINGLEVALUE('HeightDefaulted',$,IFCBOOLEAN(.T.),$);
#675=IFCPROPERTYSINGLEVALUE('MaterialFromThickness',$,IFCBOOLEAN(.T.),$);
#676=IFCPROPERTYSET('3CdkuAuwLOjeDg89e$hkPM',$,'yaml-ifc',$,(#673,#674,#675));
#677=IFCRELDEFINESBYPROPERTIES('19YiszZMbSCAnIKDyz2iw5',$,$,$,(#672),#676);
#678=IFCMATERIAL('wall',$,$);
#679=IFCMATERIALLAYER(#678,0.45000000000000001,$,$,$,$,$);
#680=IFCMATERIALLAYERSET((#679),'W-021',$);
#681=IFCMATERIALLAYERSETUSAGE(#680,.AXIS2.,.POSITIVE.,-0.22500000000000001,$);
#682=IFCRELASSOCIATESMATERIAL('3rixuoVPDR6x81yVdFlaID',$,$,$,(#672),#681);
#683=IFCCARTESIANPOINT((5.75,10.0875,0.));
#684=IFCDIRECTION((0.,0.,1.));
#685=IFCDIRECTION((1.,0.,0.));
#686=IFCAXIS2PLACEMENT3D(#683,#684,#685);
#687=IFCLOCALPLACEMENT(#35,#686);
#688=IFCCARTESIANPOINT((0.,0.));
#689=IFCCARTESIANPOINT((8.4749999999999996,0.));
#690=IFCPOLYLINE((#688,#689));
#691=IFCCARTESIANPOINT((4.2374999999999998,0.));
#692=IFCAXIS2PLACEMENT2D(#691,$);
#693=IFCRECTANGLEPROFILEDEF(.AREA.,$,#692,8.4749999999999996,0.125);
#694=IFCCARTESIANPOINT((0.,0.,0.));
#695=IFCDIRECTION((0.,0.,1.));
#696=IFCDIRECTION((1.,0.,0.));
#697=IFCAXIS2PLACEMENT3D(#694,#695,#696);
#698=IFCDIRECTION((0.,0.,1.));
#699=IFCEXTRUDEDAREASOLID(#693,#697,#698,3.);
#700=IFCSHAPEREPRESENTATION(#17,'Axis','Curve2D',(#690));
#701=IFCSHAPEREPRESENTATION(#12,'Body','SweptSolid',(#699));
#702=IFCPRODUCTDEFINITIONSHAPE($,$,(#700,#701));
#703=IFCWALL('24kTKoDjnGa8NxIocmYgx3',$,'W-022',$,$,#687,#702,$,$);
#704=IFCPROPERTYSINGLEVALUE('id',$,IFCLABEL('W-022'),$);
#705=IFCPROPERTYSINGLEVALUE('HeightDefaulted',$,IFCBOOLEAN(.T.),$);
#706=IFCPROPERTYSINGLEVALUE('MaterialFromThickness',$,IFCBOOLEAN(.T.),$);
#707=IFCPROPERTYSET('1ypQY_8dDP3O3FtT1nQcDZ',$,'yaml-ifc',$,(#704,#705,#706));
#708=IFCRELDEFINESBYPROPERTIES('0pPRLGAW1SvQPG_p7tRunA',$,$,$,(#703),#707);
#709=IFCMATERIAL('wall',$,$);
#710=IFCMATERIALLAYER(#709,0.125,$,$,$,$,$);
#711=IFCMATERIALLAYERSET((#710),'W-022',$);
#712=IFCMATERIALLAYERSETUSAGE(#711,.AXIS2.,.POSITIVE.,-0.0625,$);
#713=IFCRELASSOCIATESMATERIAL('0WJsq6cNbNiRLk7Q_4SNaV',$,$,$,(#703),#712);
#714=IFCCARTESIANPOINT((19.5,10.175000000000001,0.));
#715=IFCDIRECTION((0.,0.,1.));
#716=IFCDIRECTION((1.,0.,0.));
#717=IFCAXIS2PLACEMENT3D(#714,#715,#716);
#718=IFCLOCALPLACEMENT(#35,#717);
#719=IFCCARTESIANPOINT((0.,0.));
#720=IFCCARTESIANPOINT((9.5,0.));
#721=IFCPOLYLINE((#719,#720));
#722=IFCCARTESIANPOINT((4.75,0.));
#723=IFCAXIS2PLACEMENT2D(#722,$);
#724=IFCRECTANGLEPROFILEDEF(.AREA.,$,#723,9.5,0.10000000000000001);
#725=IFCCARTESIANPOINT((0.,0.,0.));
#726=IFCDIRECTION((0.,0.,1.));
#727=IFCDIRECTION((1.,0.,0.));
#728=IFCAXIS2PLACEMENT3D(#725,#726,#727);
#729=IFCDIRECTION((0.,0.,1.));
#730=IFCEXTRUDEDAREASOLID(#724,#728,#729,3.);
#731=IFCSHAPEREPRESENTATION(#17,'Axis','Curve2D',(#721));
#732=IFCSHAPEREPRESENTATION(#12,'Body','SweptSolid',(#730));
#733=IFCPRODUCTDEFINITIONSHAPE($,$,(#731,#732));
#734=IFCWALL('3rIgqsWHPVshWwWiMFhZAg',$,'W-023',$,$,#718,#733,$,$);
#735=IFCPROPERTYSINGLEVALUE('id',$,IFCLABEL('W-023'),$);
#736=IFCPROPERTYSINGLEVALUE('HeightDefaulted',$,IFCBOOLEAN(.T.),$);
#737=IFCPROPERTYSINGLEVALUE('MaterialFromThickness',$,IFCBOOLEAN(.T.),$);
#738=IFCPROPERTYSET('2Vo1wow_XGretKWutUy5Mn',$,'yaml-ifc',$,(#735,#736,#737));
#739=IFCRELDEFINESBYPROPERTIES('3x2HuqeafQCQk4M1_78pqg',$,$,$,(#734),#738);
#740=IFCMATERIAL('wall',$,$);
#741=IFCMATERIALLAYER(#740,0.10000000000000001,$,$,$,$,$);
#742=IFCMATERIALLAYERSET((#741),'W-023',$);
#743=IFCMATERIALLAYERSETUSAGE(#742,.AXIS2.,.POSITIVE.,-0.050000000000000003,$);
#744=IFCRELASSOCIATESMATERIAL('2h9wqxgCTTXRVB2k0dvMu6',$,$,$,(#734),#743);
#745=IFCCARTESIANPOINT((15.75,11.4125,0.));
#746=IFCDIRECTION((0.,0.,1.));
#747=IFCDIRECTION((1.,0.,0.));
#748=IFCAXIS2PLACEMENT3D(#745,#746,#747);
#749=IFCLOCALPLACEMENT(#35,#748);
#750=IFCCARTESIANPOINT((0.,0.));
#751=IFCCARTESIANPOINT((2.6999999999999993,0.));
#752=IFCPOLYLINE((#750,#751));
#753=IFCCARTESIANPOINT((1.3499999999999996,0.));
#754=IFCAXIS2PLACEMENT2D(#753,$);
#755=IFCRECTANGLEPROFILEDEF(.AREA.,$,#754,2.6999999999999993,0.125);
#756=IFCCARTESIANPOINT((0.,0.,0.));
#757=IFCDIRECTION((0.,0.,1.));
#758=IFCDIRECTION((1.,0.,0.));
#759=IFCAXIS2PLACEMENT3D(#756,#757,#758);
#760=IFCDIRECTION((0.,0.,1.));
#761=IFCEXTRUDEDAREASOLID(#755,#759,#760,3.);
#762=IFCSHAPEREPRESENTATION(#17,'Axis','Curve2D',(#752));
#763=IFCSHAPEREPRESENTATION(#12,'Body','SweptSolid',(#761));
#764=IFCPRODUCTDEFINITIONSHAPE($,$,(#762,#763));
#765=IFCWALL('3h0vYkE8LOBRJczu074Pjv',$,'W-024',$,$,#749,#764,$,$);
#766=IFCPROPERTYSINGLEVALUE('id',$,IFCLABEL('W-024'),$);
#767=IFCPROPERTYSINGLEVALUE('HeightDefaulted',$,IFCBOOLEAN(.T.),$);
#768=IFCPROPERTYSINGLEVALUE('MaterialFromThickness',$,IFCBOOLEAN(.T.),$);
#769=IFCPROPERTYSET('3oZe1wG$TT9AOSF6wqhyXK',$,'yaml-ifc',$,(#766,#767,#768));
#770=IFCRELDEFINESBYPROPERTIES('2RAok5wuzTA8AXLkhJU_Lv',$,$,$,(#765),#769);
#771=IFCMATERIAL('wall',$,$);
#772=IFCMATERIALLAYER(#771,0.125,$,$,$,$,$);
#773=IFCMATERIALLAYERSET((#772),'W-024',$);
#774=IFCMATERIALLAYERSETUSAGE(#773,.AXIS2.,.POSITIVE.,-0.0625,$);
#775=IFCRELASSOCIATESMATERIAL('0WVtrFcV5Ta83317BmutGm',$,$,$,(#765),#774);
#776=IFCCARTESIANPOINT((33.299999999999997,11.425000000000001,0.));
#777=IFCDIRECTION((0.,0.,1.));
#778=IFCDIRECTION((1.,0.,0.));
#779=IFCAXIS2PLACEMENT3D(#776,#777,#778);
#780=IFCLOCALPLACEMENT(#35,#779);
#781=IFCCARTESIANPOINT((0.,0.));
#782=IFCCARTESIANPOINT((4.4500000000000028,0.));
#783=IFCPOLYLINE((#781,#782));
#784=IFCCARTESIANPOINT((2.2250000000000014,0.));
#785=IFCAXIS2PLACEMENT2D(#784,$);
#786=IFCRECTANGLEPROFILEDEF(.AREA.,$,#785,4.4500000000000028,0.34999999999999998);
#787=IFCCARTESIANPOINT((0.,0.,0.));
#788=IFCDIRECTION((0.,0.,1.));
#789=IFCDIRECTION((1.,0.,0.));
#790=IFCAXIS2PLACEMENT3D(#787,#788,#789);
#791=IFCDIRECTION((0.,0.,1.));
#792=IFCEXTRUDEDAREASOLID(#786,#790,#791,3.);
#793=IFCSHAPEREPRESENTATION(#17,'Axis','Curve2D',(#783));
#794=IFCSHAPEREPRESENTATION(#12,'Body','SweptSolid',(#792));
#795=IFCPRODUCTDEFINITIONSHAPE($,$,(#793,#794));
#796=IFCWALL('1ZE8nhjqfSie8S02cz2srO',$,'W-025',$,$,#780,#795,$,$);
#797=IFCPROPERTYSINGLEVALUE('id',$,IFCLABEL('W-025'),$);
#798=IFCPROPERTYSINGLEVALUE('HeightDefaulted',$,IFCBOOLEAN(.T.),$);
#799=IFCPROPERTYSINGLEVALUE('MaterialFromThickness',$,IFCBOOLEAN(.T.),$);
#800=IFCPROPERTYSET('1iCltZIDLNRuf$HznAjO2J',$,'yaml-ifc',$,(#797,#798,#799));
#801=IFCRELDEFINESBYPROPERTIES('1U0OKPxIXJFeryY0trx38k',$,$,$,(#796),#800);
#802=IFCMATERIAL('wall',$,$);
#803=IFCMATERIALLAYER(#802,0.34999999999999998,$,$,$,$,$);
#804=IFCMATERIALLAYERSET((#803),'W-025',$);
#805=IFCMATERIALLAYERSETUSAGE(#804,.AXIS2.,.POSITIVE.,-0.17499999999999999,$);
#806=IFCRELASSOCIATESMATERIAL('3BDPpGfD9V88OjgldBTJSr',$,$,$,(#796),#805);
#807=IFCCARTESIANPOINT((0.45000000000000001,12.475,0.));
#808=IFCDIRECTION((0.,0.,1.));
#809=IFCDIRECTION((1.,0.,0.));
#810=IFCAXIS2PLACEMENT3D(#807,#808,#809);
#811=IFCLOCALPLACEMENT(#35,#810);
#812=IFCCARTESIANPOINT((0.,0.));
#813=IFCCARTESIANPOINT((14.850000000000001,0.));
#814=IFCPOLYLINE((#812,#813));
#815=IFCCARTESIANPOINT((7.4250000000000007,0.));
#816=IFCAXIS2PLACEMENT2D(#815,$);
#817=IFCRECTANGLEPROFILEDEF(.AREA.,$,#816,14.850000000000001,0.45000000000000001);
#818=IFCCARTESIANPOINT((0.,0.,0.));
#819=IFCDIRECTION((0.,0.,1.));
#820=IFCDIRECTION((1.,0.,0.));
#821=IFCAXIS2PLACEMENT3D(#818,#819,#820);
#822=IFCDIRECTION((0.,0.,1.));
#823=IFCEXTRUDEDAREASOLID(#817,#821,#822,3.);
#824=IFCSHAPEREPRESENTATION(#17,'Axis','Curve2D',(#814));
#825=IFCSHAPEREPRESENTATION(#12,'Body','SweptSolid',(#823));
#826=IFCPRODUCTDEFINITIONSHAPE($,$,(#824,#825));
#827=IFCWALL('3kao1HNk9Uxg5hgVtfbYnr',$,'W-026',$,$,#811,#826,$,$);
#828=IFCPROPERTYSINGLEVALUE('id',$,IFCLABEL('W-026'),$);
#829=IFCPROPERTYSINGLEVALUE('HeightDefaulted',$,IFCBOOLEAN(.T.),$);
#830=IFCPROPERTYSINGLEVALUE('MaterialFromThickness',$,IFCBOOLEAN(.T.),$);
#831=IFCPROPERTYSET('2jWmRPV0LTIgAoIy67uv1p',$,'yaml-ifc',$,(#828,#829,#830));
#832=IFCRELDEFINESBYPROPERTIES('0au7AbW7rNreb7uoYOSt3Y',$,$,$,(#827),#831);
#833=IFCMATERIAL('wall',$,$);
#834=IFCMATERIALLAYER(#833,0.45000000000000001,$,$,$,$,$);
#835=IFCMATERIALLAYERSET((#834),'W-026',$);
#836=IFCMATERIALLAYERSETUSAGE(#835,.AXIS2.,.POSITIVE.,-0.22500000000000001,$);
#837=IFCRELASSOCIATESMATERIAL('3W6do3rLzOTwHahlEbXlgk',$,$,$,(#827),#836);
#838=IFCCARTESIANPOINT((38.100000000000001,12.875,0.));
#839=IFCDIRECTION((0.,0.,1.));
#840=IFCDIRECTION((1.,0.,0.));
#841=IFCAXIS2PLACEMENT3D(#838,#839,#840);
#842=IFCLOCALPLACEMENT(#35,#841);
#843=IFCCARTESIANPOINT((0.,0.));
#844=IFCCARTESIANPOINT((6.6000000000000014,0.));
#845=IFCPOLYLINE((#843,#844));
#846=IFCCARTESIANPOINT((3.3000000000000007,0.));
#847=IFCAXIS2PLACEMENT2D(#846,$);
#848=IFCRECTANGLEPROFILEDEF(.AREA.,$,#847,6.6000000000000014,0.34999999999999998);
#849=IFCCARTESIANPOINT((0.,0.,0.));
#850=IFCDIRECTION((0.,0.,1.));
#851=IFCDIRECTION((1.,0.,0.));
#852=IFCAXIS2PLACEMENT3D(#849,#850,#851);
#853=IFCDIRECTION((0.,0.,1.));
#854=IFCEXTRUDEDAREASOLID(#848,#852,#853,3.);
#855=IFCSHAPEREPRESENTATION(#17,'Axis','Curve2D',(#845));
#856=IFCSHAPEREPRESENTATION(#12,'Body','SweptSolid',(#854));
#857=IFCPRODUCTDEFINITIONSHAPE($,$,(#855,#856));
#858=IFCWALL('22tqMWBeLNyf$PSgiUV31G',$,'W-027',$,$,#842,#857,$,$);
#859=IFCPROPERTYSINGLEVALUE('id',$,IFCLABEL('W-027'),$);
#860=IFCPROPERTYSINGLEVALUE('HeightDefaulted',$,IFCBOOLEAN(.T.),$);
#861=IFCPROPERTYSINGLEVALUE('MaterialFromThickness',$,IFCBOOLEAN(.T.),$);
#862=IFCPROPERTYSET('1g4BD9kpnHUPHiFm8WGFB4',$,'yaml-ifc',$,(#859,#860,#861));
#863=IFCRELDEFINESBYPROPERTIES('1eUi$dDa1VkQ8EMhXez7wL',$,$,$,(#858),#862);
#864=IFCMATERIAL('wall',$,$);
#865=IFCMATERIALLAYER(#864,0.34999999999999998,$,$,$,$,$);
#866=IFCMATERIALLAYERSET((#865),'W-027',$);
#867=IFCMATERIALLAYERSETUSAGE(#866,.AXIS2.,.POSITIVE.,-0.17499999999999999,$);
#868=IFCRELASSOCIATESMATERIAL('2fZIzrG31HM89M14U9iM0R',$,$,$,(#858),#867);
#869=IFCCARTESIANPOINT((15.75,13.637499999999999,0.));
#870=IFCDIRECTION((0.,0.,1.));
#871=IFCDIRECTION((1.,0.,0.));
#872=IFCAXIS2PLACEMENT3D(#869,#870,#871);
#873=IFCLOCALPLACEMENT(#35,#872);
#874=IFCCARTESIANPOINT((0.,0.));
#875=IFCCARTESIANPOINT((2.8000000000000007,0.));
#876=IFCPOLYLINE((#874,#875));
#877=IFCCARTESIANPOINT((1.4000000000000004,0.));
#878=IFCAXIS2PLACEMENT2D(#877,$);
#879=IFCRECTANGLEPROFILEDEF(.AREA.,$,#878,2.8000000000000007,0.125);
#880=IFCCARTESIANPOINT((0.,0.,0.));
#881=IFCDIRECTION((0.,0.,1.));
#882=IFCDIRECTION((1.,0.,0.));
#883=IFCAXIS2PLACEMENT3D(#880,#881,#882);
#884=IFCDIRECTION((0.,0.,1.));
#885=IFCEXTRUDEDAREASOLID(#879,#883,#884,3.);
#886=IFCSHAPEREPRESENTATION(#17,'Axis','Curve2D',(#876));
#887=IFCSHAPEREPRESENTATION(#12,'Body','SweptSolid',(#885));
#888=IFCPRODUCTDEFINITIONSHAPE($,$,(#886,#887));
#889=IFCWALL('3tsCCFUKjORvX2yKXussZh',$,'W-028',$,$,#873,#888,$,$);
#890=IFCPROPERTYSINGLEVALUE('id',$,IFCLABEL('W-028'),$);
#891=IFCPROPERTYSINGLEVALUE('HeightDefaulted',$,IFCBOOLEAN(.T.),$);
#892=IFCPROPERTYSINGLEVALUE('MaterialFromThickness',$,IFCBOOLEAN(.T.),$);
#893=IFCPROPERTYSET('1vPNaVJK1G7O9tMQpUPymS',$,'yaml-ifc',$,(#890,#891,#892));
#894=IFCRELDEFINESBYPROPERTIES('3w2yM$2TbVyhxA8C6Zp20y',$,$,$,(#889),#893);
#895=IFCMATERIAL('wall',$,$);
#896=IFCMATERIALLAYER(#895,0.125,$,$,$,$,$);
#897=IFCMATERIALLAYERSET((#896),'W-028',$);
#898=IFCMATERIALLAYERSETUSAGE(#897,.AXIS2.,.POSITIVE.,-0.0625,$);
#899=IFCRELASSOCIATESMATERIAL('3e5791b3LQN8CgWoE9RYpj',$,$,$,(#889),#898);
#900=IFCCARTESIANPOINT((15.75,15.824999999999999,0.));
#901=IFCDIRECTION((0.,0.,1.));
#902=IFCDIRECTION((1.,0.,0.));
#903=IFCAXIS2PLACEMENT3D(#900,#901,#902);
#904=IFCLOCALPLACEMENT(#35,#903);
#905=IFCCARTESIANPOINT((0.,0.));
#906=IFCCARTESIANPOINT((17.100000000000001,0.));
#907=IFCPOLYLINE((#905,#906));
#908=IFCCARTESIANPOINT((8.5500000000000007,0.));
#909=IFCAXIS2PLACEMENT2D(#908,$);
#910=IFCRECTANGLEPROFILEDEF(.AREA.,$,#909,17.100000000000001,0.45000000000000001);
#911=IFCCARTESIANPOINT((0.,0.,0.));
#912=IFCDIRECTION((0.,0.,1.));
#913=IFCDIRECTION((1.,0.,0.));
#914=IFCAXIS2PLACEMENT3D(#911,#912,#913);
#915=IFCDIRECTION((0.,0.,1.));
#916=IFCEXTRUDEDAREASOLID(#910,#914,#915,3.);
#917=IFCSHAPEREPRESENTATION(#17,'Axis','Curve2D',(#907));
#918=IFCSHAPEREPRESENTATION(#12,'Body','SweptSolid',(#916));
#919=IFCPRODUCTDEFINITIONSHAPE($,$,(#917,#918));
#920=IFCWALL('3AFUNOFyzIoeSEkuFkX$78',$,'W-029',$,$,#904,#919,$,$);
#921=IFCPROPERTYSINGLEVALUE('id',$,IFCLABEL('W-029'),$);
#922=IFCPROPERTYSINGLEVALUE('HeightDefaulted',$,IFCBOOLEAN(.T.),$);
#923=IFCPROPERTYSINGLEVALUE('MaterialFromThickness',$,IFCBOOLEAN(.T.),$);
#924=IFCPROPERTYSET('2mUtc2YgfGu9CC8VTAVWpD',$,'yaml-ifc',$,(#921,#922,#923));
#925=IFCRELDEFINESBYPROPERTIES('0eVMCABJPSEPKgk1x5$mm0',$,$,$,(#920),#924);
#926=IFCMATERIAL('wall',$,$);
#927=IFCMATERIALLAYER(#926,0.45000000000000001,$,$,$,$,$);
#928=IFCMATERIALLAYERSET((#927),'W-029',$);
#929=IFCMATERIALLAYERSETUSAGE(#928,.AXIS2.,.POSITIVE.,-0.22500000000000001,$);
#930=IFCRELASSOCIATESMATERIAL('2V0GDof2vRcwlRp2opWPnO',$,$,$,(#920),#929);
#931=IFCCARTESIANPOINT((0.22500000000000001,3.2749999999999999,0.));
#932=IFCDIRECTION((0.,0.,1.));
#933=IFCDIRECTION((0.,1.,0.));
#934=IFCAXIS2PLACEMENT3D(#931,#932,#933);
#935=IFCLOCALPLACEMENT(#35,#934);
#936=IFCCARTESIANPOINT((0.,0.));
#937=IFCCARTESIANPOINT((8.9749999999999996,0.));
#938=IFCPOLYLINE((#936,#937));
#939=IFCCARTESIANPOINT((4.4874999999999998,0.));
#940=IFCAXIS2PLACEMENT2D(#939,$);
#941=IFCRECTANGLEPROFILEDEF(.AREA.,$,#940,8.9749999999999996,0.45000000000000001);
#942=IFCCARTESIANPOINT((0.,0.,0.));
#943=IFCDIRECTION((0.,0.,1.));
#944=IFCDIRECTION((1.,0.,0.));
#945=IFCAXIS2PLACEMENT3D(#942,#943,#944);
#946=IFCDIRECTION((0.,0.,1.));
#947=IFCEXTRUDEDAREASOLID(#941,#945,#946,3.);
#948=IFCSHAPEREPRESENTATION(#17,'Axis','Curve2D',(#938));
#949=IFCSHAPEREPRESENTATION(#12,'Body','SweptSolid',(#947));
#950=IFCPRODUCTDEFINITIONSHAPE($,$,(#948,#949));
#951=IFCWALL('10ABLBulrQT8Y9Gt65Yz_w',$,'W-030',$,$,#935,#950,$,$);
#952=IFCPROPERTYSINGLEVALUE('id',$,IFCLABEL('W-030'),$);
#953=IFCPROPERTYSINGLEVALUE('HeightDefaulted',$,IFCBOOLEAN(.T.),$);
#954=IFCPROPERTYSINGLEVALUE('MaterialFromThickness',$,IFCBOOLEAN(.T.),$);
#955=IFCPROPERTYSET('18d6OPBrrPERbT5IwvC3AJ',$,'yaml-ifc',$,(#952,#953,#954));
#956=IFCRELDEFINESBYPROPERTIES('2X7qt6GcDVzApMeMai5Dk1',$,$,$,(#951),#955);
#957=IFCMATERIAL('wall',$,$);
#958=IFCMATERIALLAYER(#957,0.45000000000000001,$,$,$,$,$);
#959=IFCMATERIALLAYERSET((#958),'W-030',$);
#960=IFCMATERIALLAYERSETUSAGE(#959,.AXIS2.,.POSITIVE.,-0.22500000000000001,$);
#961=IFCRELASSOCIATESMATERIAL('2GqLBDyCnRQBWOvByjBNLK',$,$,$,(#951),#960);
#962=IFCCARTESIANPOINT((3.8374999999999999,3.2749999999999999,0.));
#963=IFCDIRECTION((0.,0.,1.));
#964=IFCDIRECTION((0.,1.,0.));
#965=IFCAXIS2PLACEMENT3D(#962,#963,#964);
#966=IFCLOCALPLACEMENT(#35,#965);
#967=IFCCARTESIANPOINT((0.,0.));
#968=IFCCARTESIANPOINT((4.6750000000000007,0.));
#969=IFCPOLYLINE((#967,#968));
#970=IFCCARTESIANPOINT((2.3375000000000004,0.));
#971=IFCAXIS2PLACEMENT2D(#970,$);
#972=IFCRECTANGLEPROFILEDEF(.AREA.,$,#971,4.6750000000000007,0.17499999999999999);
#973=IFCCARTESIANPOINT((0.,0.,0.));
#974=IFCDIRECTION((0.,0.,1.));
#975=IFCDIRECTION((1.,0.,0.));
#976=IFCAXIS2PLACEMENT3D(#973,#974,#975);
#977=IFCDIRECTION((0.,0.,1.));
#978=IFCEXTRUDEDAREASOLID(#972,#976,#977,3.);
#979=IFCSHAPEREPRESENTATION(#17,'Axis','Curve2D',(#969));
#980=IFCSHAPEREPRESENTATION(#12,'Body','SweptSolid',(#978));
#981=IFCPRODUCTDEFINITIONSHAPE($,$,(#979,#980));
#982=IFCWALL('2_DWXkwzXO0uHuLRCHWMxX',$,'W-031',$,$,#966,#981,$,$);
#983=IFCPROPERTYSINGLEVALUE('id',$,IFCLABEL('W-031'),$);
#984=IFCPROPERTYSINGLEVALUE('HeightDefaulted',$,IFCBOOLEAN(.T.),$);
#985=IFCPROPERTYSINGLEVALUE('MaterialFromThickness',$,IFCBOOLEAN(.T.),$);
#986=IFCPROPERTYSET('2FLwJmcerI3fP86vftLTXY',$,'yaml-ifc',$,(#983,#984,#985));
#987=IFCRELDEFINESBYPROPERTIES('08K9kOPUPR9wdn$n4vPcyd',$,$,$,(#982),#986);
#988=IFCMATERIAL('wall',$,$);
#989=IFCMATERIALLAYER(#988,0.17499999999999999,$,$,$,$,$);
#990=IFCMATERIALLAYERSET((#989),'W-031',$);
#991=IFCMATERIALLAYERSETUSAGE(#990,.AXIS2.,.POSITIVE.,-0.087499999999999994,$);
#992=IFCRELASSOCIATESMATERIAL('3W9BQ3JIXI7fL3yi7SG65V',$,$,$,(#982),#991);
#993=IFCCARTESIANPOINT((4.1124999999999998,9.625,0.));
#994=IFCDIRECTION((0.,0.,1.));
#995=IFCDIRECTION((0.,1.,0.));
#996=IFCAXIS2PLACEMENT3D(#993,#994,#995);
#997=IFCLOCALPLACEMENT(#35,#996);
#998=IFCCARTESIANPOINT((0.,0.));
#999=IFCCARTESIANPOINT((2.625,0.));
#1000=IFCPOLYLINE((#998,#999));
#1001=IFCCARTESIANPOINT((1.3125,0.));
#1002=IFCAXIS2PLACEMENT2D(#1001,$);
#1003=IFCRECTANGLEPROFILEDEF(.AREA.,$,#1002,2.625,0.125);
#1004=IFCCARTESIANPOINT((0.,0.,0.));
#1005=IFCDIRECTION((0.,0.,1.));
#1006=IFCDIRECTION((1.,0.,0.));
#1007=IFCAXIS2PLACEMENT3D(#1004,#1005,#1006);
#1008=IFCDIRECTION((0.,0.,1.));
#1009=IFCEXTRUDEDAREASOLID(#1003,#1007,#1008,3.);
#1010=IFCSHAPEREPRESENTATION(#17,'Axis','Curve2D',(#1000));
#1011=IFCSHAPEREPRESENTATION(#12,'Body','SweptSolid',(#1009));
#1012=IFCPRODUCTDEFINITIONSHAPE($,$,(#1010,#1011));
#1013=IFCWALL('0nd9H5IwvGFfnw_84IrAjY',$,'W-032',$,$,#997,#1012,$,$);
#1014=IFCPROPERTYSINGLEVALUE('id',$,IFCLABEL('W-032'),$);
#1015=IFCPROPERTYSINGLEVALUE('HeightDefaulted',$,IFCBOOLEAN(.T.),$);
#1016=IFCPROPERTYSINGLEVALUE('MaterialFromThickness',$,IFCBOOLEAN(.T.),$);
#1017=IFCPROPERTYSET('0RDfbQZenLsxkwBRuii9Jx',$,'yaml-ifc',$,(#1014,#1015,#1016));
#1018=IFCRELDEFINESBYPROPERTIES('1muMEBB5rKI8dofDoOQUGJ',$,$,$,(#1013),#1017);
#1019=IFCMATERIAL('wall',$,$);
#1020=IFCMATERIALLAYER(#1019,0.125,$,$,$,$,$);
#1021=IFCMATERIALLAYERSET((#1020),'W-032',$);
#1022=IFCMATERIALLAYERSETUSAGE(#1021,.AXIS2.,.POSITIVE.,-0.0625,$);
#1023=IFCRELASSOCIATESMATERIAL('3JTDU431vKYh15WiD7xymd',$,$,$,(#1013),#1022);
#1024=IFCCARTESIANPOINT((5.6875,8.3499999999999996,0.));
#1025=IFCDIRECTION((0.,0.,1.));
#1026=IFCDIRECTION((0.,1.,0.));
#1027=IFCAXIS2PLACEMENT3D(#1024,#1025,#1026);
#1028=IFCLOCALPLACEMENT(#35,#1027);
#1029=IFCCARTESIANPOINT((0.,0.));
#1030=IFCCARTESIANPOINT((1.6750000000000007,0.));
#1031=IFCPOLYLINE((#1029,#1030));
#1032=IFCCARTESIANPOINT((0.83750000000000036,0.));
#1033=IFCAXIS2PLACEMENT2D(#1032,$);
#1034=IFCRECTANGLEPROFILEDEF(.AREA.,$,#1033,1.6750000000000007,0.125);
#1035=IFCCARTESIANPOINT((0.,0.,0.));
#1036=IFCDIRECTION((0.,0.,1.));
#1037=IFCDIRECTION((1.,0.,0.));
#1038=IFCAXIS2PLACEMENT3D(#1035,#1036,#1037);
#1039=IFCDIRECTION((0.,0.,1.));
#1040=IFCEXTRUDEDAREASOLID(#1034,#1038,#1039,3.);
#1041=IFCSHAPEREPRESENTATION(#17,'Axis','Curve2D',(#1031));
#1042=IFCSHAPEREPRESENTATION(#12,'Body','SweptSolid',(#1040));
#1043=IFCPRODUCTDEFINITIONSHAPE($,$,(#1041,#1042));
#1044=IFCWALL('1Y0xAZGXTJXf1CGYqkD0ll',$,'W-033',$,$,#1028,#1043,$,$);
#1045=IFCPROPERTYSINGLEVALUE('id',$,IFCLABEL('W-033'),$);
#1046=IFCPROPERTYSINGLEVALUE('HeightDefaulted',$,IFCBOOLEAN(.T.),$);
#1047=IFCPROPERTYSINGLEVALUE('MaterialFromThickness',$,IFCBOOLEAN(.T.),$);
#1048=IFCPROPERTYSET('2j_FSYm41RaxZbjJ6T7k3g',$,'yaml-ifc',$,(#1045,#1046,#1047));
#1049=IFCRELDEFINESBYPROPERTIES('2sZ9FXvjnQpPiwmyuH0f5l',$,$,$,(#1044),#1048);
#1050=IFCMATERIAL('wall',$,$);
#1051=IFCMATERIALLAYER(#1050,0.125,$,$,$,$,$);
#1052=IFCMATERIALLAYERSET((#1051),'W-033',$);
#1053=IFCMATERIALLAYERSETUSAGE(#1052,.AXIS2.,.POSITIVE.,-0.0625,$);
#1054=IFCRELASSOCIATESMATERIAL('10gMkYKGDLMAO3M4LbQQo9',$,$,$,(#1044),#1053);
#1055=IFCCARTESIANPOINT((6.9375,3.2749999999999999,0.));
#1056=IFCDIRECTION((0.,0.,1.));
#1057=IFCDIRECTION((0.,1.,0.));
#1058=IFCAXIS2PLACEMENT3D(#1055,#1056,#1057);
#1059=IFCLOCALPLACEMENT(#35,#1058);
#1060=IFCCARTESIANPOINT((0.,0.));
#1061=IFCCARTESIANPOINT((4.6750000000000007,0.));
#1062=IFCPOLYLINE((#1060,#1061));
#1063=IFCCARTESIANPOINT((2.3375000000000004,0.));
#1064=IFCAXIS2PLACEMENT2D(#1063,$);
#1065=IFCRECTANGLEPROFILEDEF(.AREA.,$,#1064,4.6750000000000007,0.17499999999999999);
#1066=IFCCARTESIANPOINT((0.,0.,0.));
#1067=IFCDIRECTION((0.,0.,1.));
#1068=IFCDIRECTION((1.,0.,0.));
#1069=IFCAXIS2PLACEMENT3D(#1066,#1067,#1068);
#1070=IFCDIRECTION((0.,0.,1.));
#1071=IFCEXTRUDEDAREASOLID(#1065,#1069,#1070,3.);
#1072=IFCSHAPEREPRESENTATION(#17,'Axis','Curve2D',(#1062));
#1073=IFCSHAPEREPRESENTATION(#12,'Body','SweptSolid',(#1071));
#1074=IFCPRODUCTDEFINITIONSHAPE($,$,(#1072,#1073));
#1075=IFCWALL('2O6iPM3kbMyfkytbXeMv1b',$,'W-034',$,$,#1059,#1074,$,$);
#1076=IFCPROPERTYSINGLEVALUE('id',$,IFCLABEL('W-034'),$);
#1077=IFCPROPERTYSINGLEVALUE('HeightDefaulted',$,IFCBOOLEAN(.T.),$);
#1078=IFCPROPERTYSINGLEVALUE('MaterialFromThickness',$,IFCBOOLEAN(.T.),$);
#1079=IFCPROPERTYSET('341jH$mZbQb8XGAklj0dxi',$,'yaml-ifc',$,(#1076,#1077,#1078));
#1080=IFCRELDEFINESBYPROPERTIES('2decMh6JPIlRkk2cXoj4Z0',$,$,$,(#1075),#1079);
#1081=IFCMATERIAL('wall',$,$);
#1082=IFCMATERIALLAYER(#1081,0.17499999999999999,$,$,$,$,$);
#1083=IFCMATERIALLAYERSET((#1082),'W-034',$);
#1084=IFCMATERIALLAYERSETUSAGE(#1083,.AXIS2.,.POSITIVE.,-0.087499999999999994,$);
#1085=IFCRELASSOCIATESMATERIAL('3TdW7NDcjT3f3qJzGvxVVt',$,$,$,(#1075),#1084);
#1086=IFCCARTESIANPOINT((7.2374999999999998,10.15,0.));
#1087=IFCDIRECTION((0.,0.,1.));
#1088=IFCDIRECTION((0.,1.,0.));
#1089=IFCAXIS2PLACEMENT3D(#1086,#1087,#1088);
#1090=IFCLOCALPLACEMENT(#35,#1089);
#1091=IFCCARTESIANPOINT((0.,0.));
#1092=IFCCARTESIANPOINT((0.40000000000000036,0.));
#1093=IFCPOLYLINE((#1091,#1092));
#1094=IFCCARTESIANPOINT((0.20000000000000018,0.));
#1095=IFCAXIS2PLACEMENT2D(#1094,$);
#1096=IFCRECTANGLEPROFILEDEF(.AREA.,$,#1095,0.40000000000000036,0.32500000000000001);
#1097=IFCCARTESIANPOINT((0.,0.,0.));
#1098=IFCDIRECTION((0.,0.,1.));
#1099=IFCDIRECTION((1.,0.,0.));
#1100=IFCAXIS2PLACEMENT3D(#1097,#1098,#1099);
#1101=IFCDIRECTION((0.,0.,1.));
#1102=IFCEXTRUDEDAREASOLID(#1096,#1100,#1101,3.);
#1103=IFCSHAPEREPRESENTATION(#17,'Axis','Curve2D',(#1093));
#1104=IFCSHAPEREPRESENTATION(#12,'Body','SweptSolid',(#1102));
#1105=IFCPRODUCTDEFINITIONSHAPE($,$,(#1103,#1104));
#1106=IFCWALL('0Gav5RG3XUv9RGlt4s0tib',$,'W-035',$,$,#1090,#1105,$,$);
#1107=IFCPROPERTYSINGLEVALUE('id',$,IFCLABEL('W-035'),$);
#1108=IFCPROPERTYSINGLEVALUE('HeightDefaulted',$,IFCBOOLEAN(.T.),$);
#1109=IFCPROPERTYSINGLEVALUE('MaterialFromThickness',$,IFCBOOLEAN(.T.),$);
#1110=IFCPROPERTYSET('0VgYvb8NTHHwVHSeJVZCSD',$,'yaml-ifc',$,(#1107,#1108,#1109));
#1111=IFCRELDEFINESBYPROPERTIES('1dE4wK4bLLJef1yOeO5U7a',$,$,$,(#1106),#1110);
#1112=IFCMATERIAL('wall',$,$);
#1113=IFCMATERIALLAYER(#1112,0.32500000000000001,$,$,$,$,$);
#1114=IFCMATERIALLAYERSET((#1113),'W-035',$);
#1115=IFCMATERIALLAYERSETUSAGE(#1114,.AXIS2.,.POSITIVE.,-0.16250000000000001,$);
#1116=IFCRELASSOCIATESMATERIAL('3voKfwtWXLLOF3C1ZB7SdH',$,$,$,(#1106),#1115);
#1117=IFCCARTESIANPOINT((7.3375000000000004,10.550000000000001,0.));
#1118=IFCDIRECTION((0.,0.,1.));
#1119=IFCDIRECTION((0.,1.,0.));
#1120=IFCAXIS2PLACEMENT3D(#1117,#1118,#1119);
#1121=IFCLOCALPLACEMENT(#35,#1120);
#1122=IFCCARTESIANPOINT((0.,0.));
#1123=IFCCARTESIANPOINT((1.6999999999999993,0.));
#1124=IFCPOLYLINE((#1122,#1123));
#1125=IFCCARTESIANPOINT((0.84999999999999964,0.));
#1126=IFCAXIS2PLACEMENT2D(#1125,$);
#1127=IFCRECTANGLEPROFILEDEF(.AREA.,$,#1126,1.6999999999999993,0.125);
#1128=IFCCARTESIANPOINT((0.,0.,0.));
#1129=IFCDIRECTION((0.,0.,1.));
#1130=IFCDIRECTION((1.,0.,0.));
#1131=IFCAXIS2PLACEMENT3D(#1128,#1129,#1130);
#1132=IFCDIRECTION((0.,0.,1.));
#1133=IFCEXTRUDEDAREASOLID(#1127,#1131,#1132,3.);
#1134=IFCSHAPEREPRESENTATION(#17,'Axis','Curve2D',(#1124));
#1135=IFCSHAPEREPRESENTATION(#12,'Body','SweptSolid',(#1133));
#1136=IFCPRODUCTDEFINITIONSHAPE($,$,(#1134,#1135));
#1137=IFCWALL('2OtVLLxP1MduXyC5lE959E',$,'W-036',$,$,#1121,#1136,$,$);
#1138=IFCPROPERTYSINGLEVALUE('id',$,IFCLABEL('W-036'),$);
#1139=IFCPROPERTYSINGLEVALUE('HeightDefaulted',$,IFCBOOLEAN(.T.),$);
#1140=IFCPROPERTYSINGLEVALUE('MaterialFromThickness',$,IFCBOOLEAN(.T.),$);
#1141=IFCPROPERTYSET('3LpnckEz9Gge6fIhXEITSj',$,'yaml-ifc',$,(#1138,#1139,#1140));
#1142=IFCRELDEFINESBYPROPERTIES('3tvRZON5rM2vNEvyUBWS02',$,$,$,(#1137),#1141);
#1143=IFCMATERIAL('wall',$,$);
#1144=IFCMATERIALLAYER(#1143,0.125,$,$,$,$,$);
#1145=IFCMATERIALLAYERSET((#1144),'W-036',$);
#1146=IFCMATERIALLAYERSETUSAGE(#1145,.AXIS2.,.POSITIVE.,-0.0625,$);
#1147=IFCRELASSOCIATESMATERIAL('0IV$rsrsPSy8Ck$iJD6rfu',$,$,$,(#1137),#1146);
#1148=IFCCARTESIANPOINT((7.9375,9.4749999999999996,0.));
#1149=IFCDIRECTION((0.,0.,1.));
#1150=IFCDIRECTION((0.,1.,0.));
#1151=IFCAXIS2PLACEMENT3D(#1148,#1149,#1150);
#1152=IFCLOCALPLACEMENT(#35,#1151);
#1153=IFCCARTESIANPOINT((0.,0.));
#1154=IFCCARTESIANPOINT((0.55000000000000071,0.));
#1155=IFCPOLYLINE((#1153,#1154));
#1156=IFCCARTESIANPOINT((0.27500000000000036,0.));
#1157=IFCAXIS2PLACEMENT2D(#1156,$);
#1158=IFCRECTANGLEPROFILEDEF(.AREA.,$,#1157,0.55000000000000071,0.125);
#1159=IFCCARTESIANPOINT((0.,0.,0.));
#1160=IFCDIRECTION((0.,0.,1.));
#1161=IFCDIRECTION((1.,0.,0.));
#1162=IFCAXIS2PLACEMENT3D(#1159,#1160,#1161);
#1163=IFCDIRECTION((0.,0.,1.));
#1164=IFCEXTRUDEDAREASOLID(#1158,#1162,#1163,3.);
#1165=IFCSHAPEREPRESENTATION(#17,'Axis','Curve2D',(#1155));
#1166=IFCSHAPEREPRESENTATION(#12,'Body','SweptSolid',(#1164));
#1167=IFCPRODUCTDEFINITIONSHAPE($,$,(#1165,#1166));
#1168=IFCWALL('1vty0E3m1La8o2_dW07rLt',$,'W-037',$,$,#1152,#1167,$,$);
#1169=IFCPROPERTYSINGLEVALUE('id',$,IFCLABEL('W-037'),$);
#1170=IFCPROPERTYSINGLEVALUE('HeightDefaulted',$,IFCBOOLEAN(.T.),$);
#1171=IFCPROPERTYSINGLEVALUE('MaterialFromThickness',$,IFCBOOLEAN(.T.),$);
#1172=IFCPROPERTYSET('3z6r9p7$bNqBunP9sZSIEH',$,'yaml-ifc',$,(#1169,#1170,#1171));
#1173=IFCRELDEFINESBYPROPERTIES('1O$i6YblXTdPiZB2nDjVs7',$,$,$,(#1168),#1172);
#1174=IFCMATERIAL('wall',$,$);
#1175=IFCMATERIALLAYER(#1174,0.125,$,$,$,$,$);
#1176=IFCMATERIALLAYERSET((#1175),'W-037',$);
#1177=IFCMATERIALLAYERSETUSAGE(#1176,.AXIS2.,.POSITIVE.,-0.0625,$);
#1178=IFCRELASSOCIATESMATERIAL('0g$VlSd8bRtfjnmriRMANO',$,$,$,(#1168),#1177);
#1179=IFCCARTESIANPOINT((9.0625,9.4749999999999996,0.));
#1180=IFCDIRECTION((0.,0.,1.));
#1181=IFCDIRECTION((0.,1.,0.));
#1182=IFCAXIS2PLACEMENT3D(#1179,#1180,#1181);
#1183=IFCLOCALPLACEMENT(#35,#1182);
#1184=IFCCARTESIANPOINT((0.,0.));
#1185=IFCCARTESIANPOINT((0.55000000000000071,0.));
#1186=IFCPOLYLINE((#1184,#1185));
#1187=IFCCARTESIANPOINT((0.27500000000000036,0.));
#1188=IFCAXIS2PLACEMENT2D(#1187,$);
#1189=IFCRECTANGLEPROFILEDEF(.AREA.,$,#1188,0.55000000000000071,0.125);
#1190=IFCCARTESIANPOINT((0.,0.,0.));
#1191=IFCDIRECTION((0.,0.,1.));
#1192=IFCDIRECTION((1.,0.,0.));
#1193=IFCAXIS2PLACEMENT3D(#1190,#1191,#1192);
#1194=IFCDIRECTION((0.,0.,1.));
#1195=IFCEXTRUDEDAREASOLID(#1189,#1193,#1194,3.);
#1196=IFCSHAPEREPRESENTATION(#17,'Axis','Curve2D',(#1186));
#1197=IFCSHAPEREPRESENTATION(#12,'Body','SweptSolid',(#1195));
#1198=IFCPRODUCTDEFINITIONSHAPE($,$,(#1196,#1197));
#1199=IFCWALL('2V0F$SH$TKlRAamLz5s5Eu',$,'W-038',$,$,#1183,#1198,$,$);
#1200=IFCPROPERTYSINGLEVALUE('id',$,IFCLABEL('W-038'),$);
#1201=IFCPROPERTYSINGLEVALUE('HeightDefaulted',$,IFCBOOLEAN(.T.),$);
#1202=IFCPROPERTYSINGLEVALUE('MaterialFromThickness',$,IFCBOOLEAN(.T.),$);
#1203=IFCPROPERTYSET('39StJkpDXOaAmLmSTaMSZr',$,'yaml-ifc',$,(#1200,#1201,#1202));
#1204=IFCRELDEFINESBYPROPERTIES('0Nz_zgrh1VqB_qmcy67Qmk',$,$,$,(#1199),#1203);
#1205=IFCMATERIAL('wall',$,$);
#1206=IFCMATERIALLAYER(#1205,0.125,$,$,$,$,$);
#1207=IFCMATERIALLAYERSET((#1206),'W-038',$);
#1208=IFCMATERIALLAYERSETUSAGE(#1207,.AXIS2.,.POSITIVE.,-0.0625,$);
#1209=IFCRELASSOCIATESMATERIAL('1hmaR956bQIfRGIq2aWu2t',$,$,$,(#1199),#1208);
#1210=IFCCARTESIANPOINT((9.6624999999999996,10.15,0.));
#1211=IFCDIRECTION((0.,0.,1.));
#1212=IFCDIRECTION((0.,1.,0.));
#1213=IFCAXIS2PLACEMENT3D(#1210,#1211,#1212);
#1214=IFCLOCALPLACEMENT(#35,#1213);
#1215=IFCCARTESIANPOINT((0.,0.));
#1216=IFCCARTESIANPOINT((1.9000000000000004,0.));
#1217=IFCPOLYLINE((#1215,#1216));
#1218=IFCCARTESIANPOINT((0.95000000000000018,0.));
#1219=IFCAXIS2PLACEMENT2D(#1218,$);
#1220=IFCRECTANGLEPROFILEDEF(.AREA.,$,#1219,1.9000000000000004,0.125);
#1221=IFCCARTESIANPOINT((0.,0.,0.));
#1222=IFCDIRECTION((0.,0.,1.));
#1223=IFCDIRECTION((1.,0.,0.));
#1224=IFCAXIS2PLACEMENT3D(#1221,#1222,#1223);
#1225=IFCDIRECTION((0.,0.,1.));
#1226=IFCEXTRUDEDAREASOLID(#1220,#1224,#1225,3.);
#1227=IFCSHAPEREPRESENTATION(#17,'Axis','Curve2D',(#1217));
#1228=IFCSHAPEREPRESENTATION(#12,'Body','SweptSolid',(#1226));
#1229=IFCPRODUCTDEFINITIONSHAPE($,$,(#1227,#1228));
#1230=IFCWALL('2Uj6BT$X5ToQZH0X_KRfvB',$,'W-039',$,$,#1214,#1229,$,$);
#1231=IFCPROPERTYSINGLEVALUE('id',$,IFCLABEL('W-039'),$);
#1232=IFCPROPERTYSINGLEVALUE('HeightDefaulted',$,IFCBOOLEAN(.T.),$);
#1233=IFCPROPERTYSINGLEVALUE('MaterialFromThickness',$,IFCBOOLEAN(.T.),$);
#1234=IFCPROPERTYSET('3i6whQaMnUm8ZVgJGaDlwR',$,'yaml-ifc',$,(#1231,#1232,#1233));
#1235=IFCRELDEFINESBYPROPERTIES('3uECaqunnNTv7y$QF4EFz0',$,$,$,(#1230),#1234);
#1236=IFCMATERIAL('wall',$,$);
#1237=IFCMATERIALLAYER(#1236,0.125,$,$,$,$,$);
#1238=IFCMATERIALLAYERSET((#1237),'W-039',$);
#1239=IFCMATERIALLAYERSETUSAGE(#1238,.AXIS2.,.POSITIVE.,-0.0625,$);
#1240=IFCRELASSOCIATESMATERIAL('1igKm6H_bTVvGOlAjQwcSN',$,$,$,(#1230),#1239);
#1241=IFCCARTESIANPOINT((9.75,12.050000000000001,0.));
#1242=IFCDIRECTION((0.,0.,1.));
#1243=IFCDIRECTION((0.,1.,0.));
#1244=IFCAXIS2PLACEMENT3D(#1241,#1242,#1243);
#1245=IFCLOCALPLACEMENT(#35,#1244);
#1246=IFCCARTESIANPOINT((0.,0.));
#1247=IFCCARTESIANPOINT((0.19999999999999929,0.));
#1248=IFCPOLYLINE((#1246,#1247));
#1249=IFCCARTESIANPOINT((0.099999999999999645,0.));
#1250=IFCAXIS2PLACEMENT2D(#1249,$);
#1251=IFCRECTANGLEPROFILEDEF(.AREA.,$,#1250,0.19999999999999929,0.29999999999999999);
#1252=IFCCARTESIANPOINT((0.,0.,0.));
#1253=IFCDIRECTION((0.,0.,1.));
#1254=IFCDIRECTION((1.,0.,0.));
#1255=IFCAXIS2PLACEMENT3D(#1252,#1253,#1254);
#1256=IFCDIRECTION((0.,0.,1.));
#1257=IFCEXTRUDEDAREASOLID(#1251,#1255,#1256,3.);
#1258=IFCSHAPEREPRESENTATION(#17,'Axis','Curve2D',(#1248));
#1259=IFCSHAPEREPRESENTATION(#12,'Body','SweptSolid',(#1257));
#1260=IFCPRODUCTDEFINITIONSHAPE($,$,(#1258,#1259));
#1261=IFCWALL('0xlaOLPW9LKgew6BmGmR_U',$,'W-040',$,$,#1245,#1260,$,$);
#1262=IFCPROPERTYSINGLEVALUE('id',$,IFCLABEL('W-040'),$);
#1263=IFCPROPERTYSINGLEVALUE('HeightDefaulted',$,IFCBOOLEAN(.T.),$);
#1264=IFCPROPERTYSINGLEVALUE('MaterialFromThickness',$,IFCBOOLEAN(.T.),$);
#1265=IFCPROPERTYSET('2IL7OOa29PzgGHTtM4gG70',$,'yaml-ifc',$,(#1262,#1263,#1264));
#1266=IFCRELDEFINESBYPROPERTIES('2DLb3a4OfNffo$Wtf$9YzL',$,$,$,(#1261),#1265);
#1267=IFCMATERIAL('wall',$,$);
#1268=IFCMATERIALLAYER(#1267,0.29999999999999999,$,$,$,$,$);
#1269=IFCMATERIALLAYERSET((#1268),'W-040',$);
#1270=IFCMATERIALLAYERSETUSAGE(#1269,.AXIS2.,.POSITIVE.,-0.14999999999999999,$);
#1271=IFCRELASSOCIATESMATERIAL('25s93wPSbVWv4R0Q4TEk1x',$,$,$,(#1261),#1270);
#1272=IFCCARTESIANPOINT((10.0375,3.2749999999999999,0.));
#1273=IFCDIRECTION((0.,0.,1.));
#1274=IFCDIRECTION((0.,1.,0.));
#1275=IFCAXIS2PLACEMENT3D(#1272,#1273,#1274);
#1276=IFCLOCALPLACEMENT(#35,#1275);
#1277=IFCCARTESIANPOINT((0.,0.));
#1278=IFCCARTESIANPOINT((4.6750000000000007,0.));
#1279=IFCPOLYLINE((#1277,#1278));
#1280=IFCCARTESIANPOINT((2.3375000000000004,0.));
#1281=IFCAXIS2PLACEMENT2D(#1280,$);
#1282=IFCRECTANGLEPROFILEDEF(.AREA.,$,#1281,4.6750000000000007,0.17499999999999999);
#1283=IFCCARTESIANPOINT((0.,0.,0.));
#1284=IFCDIRECTION((0.,0.,1.));
#1285=IFCDIRECTION((1.,0.,0.));
#1286=IFCAXIS2PLACEMENT3D(#1283,#1284,#1285);
#1287=IFCDIRECTION((0.,0.,1.));
#1288=IFCEXTRUDEDAREASOLID(#1282,#1286,#1287,3.);
#1289=IFCSHAPEREPRESENTATION(#17,'Axis','Curve2D',(#1279));
#1290=IFCSHAPEREPRESENTATION(#12,'Body','SweptSolid',(#1288));
#1291=IFCPRODUCTDEFINITIONSHAPE($,$,(#1289,#1290));
#1292=IFCWALL('3HgNHbS0bHFPW0QhUnN9pf',$,'W-041',$,$,#1276,#1291,$,$);
#1293=IFCPROPERTYSINGLEVALUE('id',$,IFCLABEL('W-041'),$);
#1294=IFCPROPERTYSINGLEVALUE('HeightDefaulted',$,IFCBOOLEAN(.T.),$);
#1295=IFCPROPERTYSINGLEVALUE('MaterialFromThickness',$,IFCBOOLEAN(.T.),$);
#1296=IFCPROPERTYSET('1mTkFr5nbKkBuz1oyezkrt',$,'yaml-ifc',$,(#1293,#1294,#1295));
#1297=IFCRELDEFINESBYPROPERTIES('1MbSfKU_XSJxprXAIVNXNL',$,$,$,(#1292),#1296);
#1298=IFCMATERIAL('wall',$,$);
#1299=IFCMATERIALLAYER(#1298,0.17499999999999999,$,$,$,$,$);
#1300=IFCMATERIALLAYERSET((#1299),'W-041',$);
#1301=IFCMATERIALLAYERSETUSAGE(#1300,.AXIS2.,.POSITIVE.,-0.087499999999999994,$);
#1302=IFCRELASSOCIATESMATERIAL('0npduARxDI0AbExESeOwhw',$,$,$,(#1292),#1301);
#1303=IFCCARTESIANPOINT((11.4375,9.4749999999999996,0.));
#1304=IFCDIRECTION((0.,0.,1.));
#1305=IFCDIRECTION((0.,1.,0.));
#1306=IFCAXIS2PLACEMENT3D(#1303,#1304,#1305);
#1307=IFCLOCALPLACEMENT(#35,#1306);
#1308=IFCCARTESIANPOINT((0.,0.));
#1309=IFCCARTESIANPOINT((0.55000000000000071,0.));
#1310=IFCPOLYLINE((#1308,#1309));
#1311=IFCCARTESIANPOINT((0.27500000000000036,0.));
#1312=IFCAXIS2PLACEMENT2D(#1311,$);
#1313=IFCRECTANGLEPROFILEDEF(.AREA.,$,#1312,0.55000000000000071,0.125);
#1314=IFCCARTESIANPOINT((0.,0.,0.));
#1315=IFCDIRECTION((0.,0.,1.));
#1316=IFCDIRECTION((1.,0.,0.));
#1317=IFCAXIS2PLACEMENT3D(#1314,#1315,#1316);
#1318=IFCDIRECTION((0.,0.,1.));
#1319=IFCEXTRUDEDAREASOLID(#1313,#1317,#1318,3.);
#1320=IFCSHAPEREPRESENTATION(#17,'Axis','Curve2D',(#1310));
#1321=IFCSHAPEREPRESENTATION(#12,'Body','SweptSolid',(#1319));
#1322=IFCPRODUCTDEFINITIONSHAPE($,$,(#1320,#1321));
#1323=IFCWALL('29GAZ8yFHMKPHDV9CZm2qi',$,'W-042',$,$,#1307,#1322,$,$);
#1324=IFCPROPERTYSINGLEVALUE('id',$,IFCLABEL('W-042'),$);
#1325=IFCPROPERTYSINGLEVALUE('HeightDefaulted',$,IFCBOOLEAN(.T.),$);
#1326=IFCPROPERTYSINGLEVALUE('MaterialFromThickness',$,IFCBOOLEAN(.T.),$);
#1327=IFCPROPERTYSET('0NtEv9YXfQsgPyf2uPUjJt',$,'yaml-ifc',$,(#1324,#1325,#1326));
#1328=IFCRELDEFINESBYPROPERTIES('0o$kxQRZrKnwPWDbF$9B4r',$,$,$,(#1323),#1327);
#1329=IFCMATERIAL('wall',$,$);
#1330=IFCMATERIALLAYER(#1329,0.125,$,$,$,$,$);
#1331=IFCMATERIALLAYERSET((#1330),'W-042',$);
#1332=IFCMATERIALLAYERSETUSAGE(#1331,.AXIS2.,.POSITIVE.,-0.0625,$);
#1333=IFCRELASSOCIATESMATERIAL('2Ox6lwM_LPeB1xAa3sAOyM',$,$,$,(#1323),#1332);
#1334=IFCCARTESIANPOINT((12.5625,9.4749999999999996,0.));
#1335=IFCDIRECTION((0.,0.,1.));
#1336=IFCDIRECTION((0.,1.,0.));
#1337=IFCAXIS2PLACEMENT3D(#1334,#1335,#1336);
#1338=IFCLOCALPLACEMENT(#35,#1337);
#1339=IFCCARTESIANPOINT((0.,0.));
#1340=IFCCARTESIANPOINT((0.55000000000000071,0.));
#1341=IFCPOLYLINE((#1339,#1340));
#1342=IFCCARTESIANPOINT((0.27500000000000036,0.));
#1343=IFCAXIS2PLACEMENT2D(#1342,$);
#1344=IFCRECTANGLEPROFILEDEF(.AREA.,$,#1343,0.55000000000000071,0.125);
#1345=IFCCARTESIANPOINT((0.,0.,0.));
#1346=IFCDIRECTION((0.,0.,1.));
#1347=IFCDIRECTION((1.,0.,0.));
#1348=IFCAXIS2PLACEMENT3D(#1345,#1346,#1347);
#1349=IFCDIRECTION((0.,0.,1.));
#1350=IFCEXTRUDEDAREASOLID(#1344,#1348,#1349,3.);
#1351=IFCSHAPEREPRESENTATION(#17,'Axis','Curve2D',(#1341));
#1352=IFCSHAPEREPRESENTATION(#12,'Body','SweptSolid',(#1350));
#1353=IFCPRODUCTDEFINITIONSHAPE($,$,(#1351,#1352));
#1354=IFCWALL('1Mp4edzj5JGhPj59iI8Uaz',$,'W-043',$,$,#1338,#1353,$,$);
#1355=IFCPROPERTYSINGLEVALUE('id',$,IFCLABEL('W-043'),$);
#1356=IFCPROPERTYSINGLEVALUE('HeightDefaulted',$,IFCBOOLEAN(.T.),$);
#1357=IFCPROPERTYSINGLEVALUE('MaterialFromThickness',$,IFCBOOLEAN(.T.),$);
#1358=IFCPROPERTYSET('3_NbLGLM1TFA9TefjeVfhm',$,'yaml-ifc',$,(#1355,#1356,#1357));
#1359=IFCRELDEFINESBYPROPERTIES('3$o9UPLozVxhTcHiwor3cK',$,$,$,(#1354),#1358);
#1360=IFCMATERIAL('wall',$,$);
#1361=IFCMATERIALLAYER(#1360,0.125,$,$,$,$,$);
#1362=IFCMATERIALLAYERSET((#1361),'W-043',$);
#1363=IFCMATERIALLAYERSETUSAGE(#1362,.AXIS2.,.POSITIVE.,-0.0625,$);
#1364=IFCRELASSOCIATESMATERIAL('06gOgYvK9Kzh5Ot9CYe2UO',$,$,$,(#1354),#1363);
#1365=IFCCARTESIANPOINT((13.137499999999999,3.2749999999999999,0.));
#1366=IFCDIRECTION((0.,0.,1.));
#1367=IFCDIRECTION((0.,1.,0.));
#1368=IFCAXIS2PLACEMENT3D(#1365,#1366,#1367);
#1369=IFCLOCALPLACEMENT(#35,#1368);
#1370=IFCCARTESIANPOINT((0.,0.));
#1371=IFCCARTESIANPOINT((4.6750000000000007,0.));
#1372=IFCPOLYLINE((#1370,#1371));
#1373=IFCCARTESIANPOINT((2.3375000000000004,0.));
#1374=IFCAXIS2PLACEMENT2D(#1373,$);
#1375=IFCRECTANGLEPROFILEDEF(.AREA.,$,#1374,4.6750000000000007,0.17499999999999999);
#1376=IFCCARTESIANPOINT((0.,0.,0.));
#1377=IFCDIRECTION((0.,0.,1.));
#1378=IFCDIRECTION((1.,0.,0.));
#1379=IFCAXIS2PLACEMENT3D(#1376,#1377,#1378);
#1380=IFCDIRECTION((0.,0.,1.));
#1381=IFCEXTRUDEDAREASOLID(#1375,#1379,#1380,3.);
#1382=IFCSHAPEREPRESENTATION(#17,'Axis','Curve2D',(#1372));
#1383=IFCSHAPEREPRESENTATION(#12,'Body','SweptSolid',(#1381));
#1384=IFCPRODUCTDEFINITIONSHAPE($,$,(#1382,#1383));
#1385=IFCWALL('1IL2qq2CbIB917lggj$wXA',$,'W-044',$,$,#1369,#1384,$,$);
#1386=IFCPROPERTYSINGLEVALUE('id',$,IFCLABEL('W-044'),$);
#1387=IFCPROPERTYSINGLEVALUE('HeightDefaulted',$,IFCBOOLEAN(.T.),$);
#1388=IFCPROPERTYSINGLEVALUE('MaterialFromThickness',$,IFCBOOLEAN(.T.),$);
#1389=IFCPROPERTYSET('2WIDr98pDUph_VnKvwdhjq',$,'yaml-ifc',$,(#1386,#1387,#1388));
#1390=IFCRELDEFINESBYPROPERTIES('0axiVm9UXHEB6cBTCb35$a',$,$,$,(#1385),#1389);
#1391=IFCMATERIAL('wall',$,$);
#1392=IFCMATERIALLAYER(#1391,0.17499999999999999,$,$,$,$,$);
#1393=IFCMATERIALLAYERSET((#1392),'W-044',$);
#1394=IFCMATERIALLAYERSETUSAGE(#1393,.AXIS2.,.POSITIVE.,-0.087499999999999994,$);
#1395=IFCRELASSOCIATESMATERIAL('1zIKdvkujRl857Zl0yGL_k',$,$,$,(#1385),#1394);
#1396=IFCCARTESIANPOINT((14.2875,9.4749999999999996,0.));
#1397=IFCDIRECTION((0.,0.,1.));
#1398=IFCDIRECTION((0.,1.,0.));
#1399=IFCAXIS2PLACEMENT3D(#1396,#1397,#1398);
#1400=IFCLOCALPLACEMENT(#35,#1399);
#1401=IFCCARTESIANPOINT((0.,0.));
#1402=IFCCARTESIANPOINT((2.5750000000000011,0.));
#1403=IFCPOLYLINE((#1401,#1402));
#1404=IFCCARTESIANPOINT((1.2875000000000005,0.));
#1405=IFCAXIS2PLACEMENT2D(#1404,$);
#1406=IFCRECTANGLEPROFILEDEF(.AREA.,$,#1405,2.5750000000000011,0.125);
#1407=IFCCARTESIANPOINT((0.,0.,0.));
#1408=IFCDIRECTION((0.,0.,1.));
#1409=IFCDIRECTION((1.,0.,0.));
#1410=IFCAXIS2PLACEMENT3D(#1407,#1408,#1409);
#1411=IFCDIRECTION((0.,0.,1.));
#1412=IFCEXTRUDEDAREASOLID(#1406,#1410,#1411,3.);
#1413=IFCSHAPEREPRESENTATION(#17,'Axis','Curve2D',(#1403));
#1414=IFCSHAPEREPRESENTATION(#12,'Body','SweptSolid',(#1412));
#1415=IFCPRODUCTDEFINITIONSHAPE($,$,(#1413,#1414));
#1416=IFCWALL('0gx4Wd7qzTBeX4OYjpt5jx',$,'W-045',$,$,#1400,#1415,$,$);
#1417=IFCPROPERTYSINGLEVALUE('id',$,IFCLABEL('W-045'),$);
#1418=IFCPROPERTYSINGLEVALUE('HeightDefaulted',$,IFCBOOLEAN(.T.),$);
#1419=IFCPROPERTYSINGLEVALUE('MaterialFromThickness',$,IFCBOOLEAN(.T.),$);
#1420=IFCPROPERTYSET('0h8l0l1hXJEOjnomAFxFW7',$,'yaml-ifc',$,(#1417,#1418,#1419));
#1421=IFCRELDEFINESBYPROPERTIES('3r7r35ydjR2eQXm5uSUV4V',$,$,$,(#1416),#1420);
#1422=IFCMATERIAL('wall',$,$);
#1423=IFCMATERIALLAYER(#1422,0.125,$,$,$,$,$);
#1424=IFCMATERIALLAYERSET((#1423),'W-045',$);
#1425=IFCMATERIALLAYERSETUSAGE(#1424,.AXIS2.,.POSITIVE.,-0.0625,$);
#1426=IFCRELASSOCIATESMATERIAL('1njiDmF3bKHQBK_$yTCwHF',$,$,$,(#1416),#1425);
#1427=IFCCARTESIANPOINT((14.387499999999999,12.050000000000001,0.));
#1428=IFCDIRECTION((0.,0.,1.));
#1429=IFCDIRECTION((0.,1.,0.));
#1430=IFCAXIS2PLACEMENT3D(#1427,#1428,#1429);
#1431=IFCLOCALPLACEMENT(#35,#1430);
#1432=IFCCARTESIANPOINT((0.,0.));
#1433=IFCCARTESIANPOINT((0.19999999999999929,0.));
#1434=IFCPOLYLINE((#1432,#1433));
#1435=IFCCARTESIANPOINT((0.099999999999999645,0.));
#1436=IFCAXIS2PLACEMENT2D(#1435,$);
#1437=IFCRECTANGLEPROFILEDEF(.AREA.,$,#1436,0.19999999999999929,0.32500000000000001);
#1438=IFCCARTESIANPOINT((0.,0.,0.));
#1439=IFCDIRECTION((0.,0.,1.));
#1440=IFCDIRECTION((1.,0.,0.));
#1441=IFCAXIS2PLACEMENT3D(#1438,#1439,#1440);
#1442=IFCDIRECTION((0.,0.,1.));
#1443=IFCEXTRUDEDAREASOLID(#1437,#1441,#1442,3.);
#1444=IFCSHAPEREPRESENTATION(#17,'Axis','Curve2D',(#1434));
#1445=IFCSHAPEREPRESENTATION(#12,'Body','SweptSolid',(#1443));
#1446=IFCPRODUCTDEFINITIONSHAPE($,$,(#1444,#1445));
#1447=IFCWALL('0i33Yl7CLSWxyWzP$L0trp',$,'W-046',$,$,#1431,#1446,$,$);
#1448=IFCPROPERTYSINGLEVALUE('id',$,IFCLABEL('W-046'),$);
#1449=IFCPROPERTYSINGLEVALUE('HeightDefaulted',$,IFCBOOLEAN(.T.),$);
#1450=IFCPROPERTYSINGLEVALUE('MaterialFromThickness',$,IFCBOOLEAN(.T.),$);
#1451=IFCPROPERTYSET('27IVdv6GrMYQ4CaBHGSil_',$,'yaml-ifc',$,(#1448,#1449,#1450));
#1452=IFCRELDEFINESBYPROPERTIES('2JVoep03jMEOZHO72_ln0O',$,$,$,(#1447),#1451);
#1453=IFCMATERIAL('wall',$,$);
#1454=IFCMATERIALLAYER(#1453,0.32500000000000001,$,$,$,$,$);
#1455=IFCMATERIALLAYERSET((#1454),'W-046',$);
#1456=IFCMATERIALLAYERSETUSAGE(#1455,.AXIS2.,.POSITIVE.,-0.16250000000000001,$);
#1457=IFCRELASSOCIATESMATERIAL('2gjl3deajO98rDnzpJ1fBZ',$,$,$,(#1447),#1456);
#1458=IFCCARTESIANPOINT((15.525,12.699999999999999,0.));
#1459=IFCDIRECTION((0.,0.,1.));
#1460=IFCDIRECTION((0.,1.,0.));
#1461=IFCAXIS2PLACEMENT3D(#1458,#1459,#1460);
#1462=IFCLOCALPLACEMENT(#35,#1461);
#1463=IFCCARTESIANPOINT((0.,0.));
#1464=IFCCARTESIANPOINT((2.9000000000000004,0.));
#1465=IFCPOLYLINE((#1463,#1464));
#1466=IFCCARTESIANPOINT((1.4500000000000002,0.));
#1467=IFCAXIS2PLACEMENT2D(#1466,$);
#1468=IFCRECTANGLEPROFILEDEF(.AREA.,$,#1467,2.9000000000000004,0.45000000000000001);
#1469=IFCCARTESIANPOINT((0.,0.,0.));
#1470=IFCDIRECTION((0.,0.,1.));
#1471=IFCDIRECTION((1.,0.,0.));
#1472=IFCAXIS2PLACEMENT3D(#1469,#1470,#1471);
#1473=IFCDIRECTION((0.,0.,1.));
#1474=IFCEXTRUDEDAREASOLID(#1468,#1472,#1473,3.);
#1475=IFCSHAPEREPRESENTATION(#17,'Axis','Curve2D',(#1465));
#1476=IFCSHAPEREPRESENTATION(#12,'Body','SweptSolid',(#1474));
#1477=IFCPRODUCTDEFINITIONSHAPE($,$,(#1475,#1476));
#1478=IFCWALL('1zB$LyxOXUUwLfjnWCj0m$',$,'W-047',$,$,#1462,#1477,$,$);
#1479=IFCPROPERTYSINGLEVALUE('id',$,IFCLABEL('W-047'),$);
#1480=IFCPROPERTYSINGLEVALUE('HeightDefaulted',$,IFCBOOLEAN(.T.),$);
#1481=IFCPROPERTYSINGLEVALUE('MaterialFromThickness',$,IFCBOOLEAN(.T.),$);
#1482=IFCPROPERTYSET('246s0S8zjTcPw6yvdICyYB',$,'yaml-ifc',$,(#1479,#1480,#1481));
#1483=IFCRELDEFINESBYPROPERTIES('0Lf88j9hLQDPABY4FdKMhD',$,$,$,(#1478),#1482);
#1484=IFCMATERIAL('wall',$,$);
#1485=IFCMATERIALLAYER(#1484,0.45000000000000001,$,$,$,$,$);
#1486=IFCMATERIALLAYERSET((#1485),'W-047',$);
#1487=IFCMATERIALLAYERSETUSAGE(#1486,.AXIS2.,.POSITIVE.,-0.22500000000000001,$);
#1488=IFCRELASSOCIATESMATERIAL('0zGWoRA_XH6fcbUMcrYLkv',$,$,$,(#1478),#1487);
#1489=IFCCARTESIANPOINT((15.625,9.4749999999999996,0.));
#1490=IFCDIRECTION((0.,0.,1.));
#1491=IFCDIRECTION((0.,1.,0.));
#1492=IFCAXIS2PLACEMENT3D(#1489,#1490,#1491);
#1493=IFCLOCALPLACEMENT(#35,#1492);
#1494=IFCCARTESIANPOINT((0.,0.));
#1495=IFCCARTESIANPOINT((2.7750000000000004,0.));
#1496=IFCPOLYLINE((#1494,#1495));
#1497=IFCCARTESIANPOINT((1.3875000000000002,0.));
#1498=IFCAXIS2PLACEMENT2D(#1497,$);
#1499=IFCRECTANGLEPROFILEDEF(.AREA.,$,#1498,2.7750000000000004,0.25);
#1500=IFCCARTESIANPOINT((0.,0.,0.));
#1501=IFCDIRECTION((0.,0.,1.));
#1502=IFCDIRECTION((1.,0.,0.));
#1503=IFCAXIS2PLACEMENT3D(#1500,#1501,#1502);
#1504=IFCDIRECTION((0.,0.,1.));
#1505=IFCEXTRUDEDAREASOLID(#1499,#1503,#1504,3.);
#1506=IFCSHAPEREPRESENTATION(#17,'Axis','Curve2D',(#1496));
#1507=IFCSHAPEREPRESENTATION(#12,'Body','SweptSolid',(#1505));
#1508=IFCPRODUCTDEFINITIONSHAPE($,$,(#1506,#1507));
#1509=IFCWALL('37CyxUJwrNUAZ2vWeyiKUr',$,'W-048',$,$,#1493,#1508,$,$);
#1510=IFCPROPERTYSINGLEVALUE('id',$,IFCLABEL('W-048'),$);
#1511=IFCPROPERTYSINGLEVALUE('HeightDefaulted',$,IFCBOOLEAN(.T.),$);
#1512=IFCPROPERTYSINGLEVALUE('MaterialFromThickness',$,IFCBOOLEAN(.T.),$);
#1513=IFCPROPERTYSET('25N0SAi55RpBKbDPnJ5y4i',$,'yaml-ifc',$,(#1510,#1511,#1512));
#1514=IFCRELDEFINESBYPROPERTIES('15a2SULszNx9ueKo_YOUQe',$,$,$,(#1509),#1513);
#1515=IFCMATERIAL('wall',$,$);
#1516=IFCMATERIALLAYER(#1515,0.25,$,$,$,$,$);
#1517=IFCMATERIALLAYERSET((#1516),'W-048',$);
#1518=IFCMATERIALLAYERSETUSAGE(#1517,.AXIS2.,.POSITIVE.,-0.125,$);
#1519=IFCRELASSOCIATESMATERIAL('01AYcYOZjKDRKWOogNgJ4b',$,$,$,(#1509),#1518);
#1520=IFCCARTESIANPOINT((17.774999999999999,3.335,0.));
#1521=IFCDIRECTION((0.,0.,1.));
#1522=IFCDIRECTION((0.,1.,0.));
#1523=IFCAXIS2PLACEMENT3D(#1520,#1521,#1522);
#1524=IFCLOCALPLACEMENT(#35,#1523);
#1525=IFCCARTESIANPOINT((0.,0.));
#1526=IFCCARTESIANPOINT((4.5149999999999997,0.));
#1527=IFCPOLYLINE((#1525,#1526));
#1528=IFCCARTESIANPOINT((2.2574999999999998,0.));
#1529=IFCAXIS2PLACEMENT2D(#1528,$);
#1530=IFCRECTANGLEPROFILEDEF(.AREA.,$,#1529,4.5149999999999997,0.45000000000000001);
#1531=IFCCARTESIANPOINT((0.,0.,0.));
#1532=IFCDIRECTION((0.,0.,1.));
#1533=IFCDIRECTION((1.,0.,0.));
#1534=IFCAXIS2PLACEMENT3D(#1531,#1532,#1533);
#1535=IFCDIRECTION((0.,0.,1.));
#1536=IFCEXTRUDEDAREASOLID(#1530,#1534,#1535,3.);
#1537=IFCSHAPEREPRESENTATION(#17,'Axis','Curve2D',(#1527));
#1538=IFCSHAPEREPRESENTATION(#12,'Body','SweptSolid',(#1536));
#1539=IFCPRODUCTDEFINITIONSHAPE($,$,(#1537,#1538));
#1540=IFCWALL('2WVEe8UxnISQ8MisMm9gHb',$,'W-049',$,$,#1524,#1539,$,$);
#1541=IFCPROPERTYSINGLEVALUE('id',$,IFCLABEL('W-049'),$);
#1542=IFCPROPERTYSINGLEVALUE('HeightDefaulted',$,IFCBOOLEAN(.T.),$);
#1543=IFCPROPERTYSINGLEVALUE('MaterialFromThickness',$,IFCBOOLEAN(.T.),$);
#1544=IFCPROPERTYSET('0nQLS4tWzLF9B0cB9L3A5x',$,'yaml-ifc',$,(#1541,#1542,#1543));
#1545=IFCRELDEFINESBYPROPERTIES('0INBLwE31QI960__wrlmRO',$,$,$,(#1540),#1544);
#1546=IFCMATERIAL('wall',$,$);
#1547=IFCMATERIALLAYER(#1546,0.45000000000000001,$,$,$,$,$);
#1548=IFCMATERIALLAYERSET((#1547),'W-049',$);
#1549=IFCMATERIALLAYERSETUSAGE(#1548,.AXIS2.,.POSITIVE.,-0.22500000000000001,$);
#1550=IFCRELASSOCIATESMATERIAL('33HHtZ_w9Q6xEYzPlfeu9f',$,$,$,(#1540),#1549);
#1551=IFCCARTESIANPOINT((18.675000000000001,10.25,0.));
#1552=IFCDIRECTION((0.,0.,1.));
#1553=IFCDIRECTION((0.,1.,0.));
#1554=IFCAXIS2PLACEMENT3D(#1551,#1552,#1553);
#1555=IFCLOCALPLACEMENT(#35,#1554);
#1556=IFCCARTESIANPOINT((0.,0.));
#1557=IFCCARTESIANPOINT((5.3499999999999996,0.));
#1558=IFCPOLYLINE((#1556,#1557));
#1559=IFCCARTESIANPOINT((2.6749999999999998,0.));
#1560=IFCAXIS2PLACEMENT2D(#1559,$);
#1561=IFCRECTANGLEPROFILEDEF(.AREA.,$,#1560,5.3499999999999996,0.25);
#1562=IFCCARTESIANPOINT((0.,0.,0.));
#1563=IFCDIRECTION((0.,0.,1.));
#1564=IFCDIRECTION((1.,0.,0.));
#1565=IFCAXIS2PLACEMENT3D(#1562,#1563,#1564);
#1566=IFCDIRECTION((0.,0.,1.));
#1567=IFCEXTRUDEDAREASOLID(#1561,#1565,#1566,3.);
#1568=IFCSHAPEREPRESENTATION(#17,'Axis','Curve2D',(#1558));
#1569=IFCSHAPEREPRESENTATION(#12,'Body','SweptSolid',(#1567));
#1570=IFCPRODUCTDEFINITIONSHAPE($,$,(#1568,#1569));
#1571=IFCWALL('0xTS2_KqTV5e0ko6mGDXBA',$,'W-050',$,$,#1555,#1570,$,$);
#1572=IFCPROPERTYSINGLEVALUE('id',$,IFCLABEL('W-050'),$);
#1573=IFCPROPERTYSINGLEVALUE('HeightDefaulted',$,IFCBOOLEAN(.T.),$);
#1574=IFCPROPERTYSINGLEVALUE('MaterialFromThickness',$,IFCBOOLEAN(.T.),$);
#1575=IFCPROPERTYSET('3M_oY7QhLP7xm30VTNJO68',$,'yaml-ifc',$,(#1572,#1573,#1574));
#1576=IFCRELDEFINESBYPROPERTIES('34qqJcG6HVYA57GxlY9Jep',$,$,$,(#1571),#1575);
#1577=IFCMATERIAL('wall',$,$);
#1578=IFCMATERIALLAYER(#1577,0.25,$,$,$,$,$);
#1579=IFCMATERIALLAYERSET((#1578),'W-050',$);
#1580=IFCMATERIALLAYERSETUSAGE(#1579,.AXIS2.,.POSITIVE.,-0.125,$);
#1581=IFCRELASSOCIATESMATERIAL('3kZAAv4e1UWBKoKzAKGXxJ',$,$,$,(#1571),#1580);
#1582=IFCCARTESIANPOINT((18.774999999999999,8.1999999999999993,0.));
#1583=IFCDIRECTION((0.,0.,1.));
#1584=IFCDIRECTION((0.,1.,0.));
#1585=IFCAXIS2PLACEMENT3D(#1582,#1583,#1584);
#1586=IFCLOCALPLACEMENT(#35,#1585);
#1587=IFCCARTESIANPOINT((0.,0.));
#1588=IFCCARTESIANPOINT((1.4500000000000011,0.));
#1589=IFCPOLYLINE((#1587,#1588));
#1590=IFCCARTESIANPOINT((0.72500000000000053,0.));
#1591=IFCAXIS2PLACEMENT2D(#1590,$);
#1592=IFCRECTANGLEPROFILEDEF(.AREA.,$,#1591,1.4500000000000011,0.45000000000000001);
#1593=IFCCARTESIANPOINT((0.,0.,0.));
#1594=IFCDIRECTION((0.,0.,1.));
#1595=IFCDIRECTION((1.,0.,0.));
#1596=IFCAXIS2PLACEMENT3D(#1593,#1594,#1595);
#1597=IFCDIRECTION((0.,0.,1.));
#1598=IFCEXTRUDEDAREASOLID(#1592,#1596,#1597,3.);
#1599=IFCSHAPEREPRESENTATION(#17,'Axis','Curve2D',(#1589));
#1600=IFCSHAPEREPRESENTATION(#12,'Body','SweptSolid',(#1598));
#1601=IFCPRODUCTDEFINITIONSHAPE($,$,(#1599,#1600));
#1602=IFCWALL('1NZA2P7aTVHutH3uvyomwe',$,'W-051',$,$,#1586,#1601,$,$);
#1603=IFCPROPERTYSINGLEVALUE('id',$,IFCLABEL('W-051'),$);
#1604=IFCPROPERTYSINGLEVALUE('HeightDefaulted',$,IFCBOOLEAN(.T.),$);
#1605=IFCPROPERTYSINGLEVALUE('MaterialFromThickness',$,IFCBOOLEAN(.T.),$);
#1606=IFCPROPERTYSET('1Q68am3g1S5foz7Nco8EOn',$,'yaml-ifc',$,(#1603,#1604,#1605));
#1607=IFCRELDEFINESBYPROPERTIES('3RMWSyqUfN0hoHKvwxCTWi',$,$,$,(#1602),#1606);
#1608=IFCMATERIAL('wall',$,$);
#1609=IFCMATERIALLAYER(#1608,0.45000000000000001,$,$,$,$,$);
#1610=IFCMATERIALLAYERSET((#1609),'W-051',$);
#1611=IFCMATERIALLAYERSETUSAGE(#1610,.AXIS2.,.POSITIVE.,-0.22500000000000001,$);
#1612=IFCRELASSOCIATESMATERIAL('3YN1Y$IHjUn9lmijuzZFIS',$,$,$,(#1602),#1611);
#1613=IFCCARTESIANPOINT((22.300000000000001,15.35,0.));
#1614=IFCDIRECTION((0.,0.,1.));
#1615=IFCDIRECTION((0.,1.,0.));
#1616=IFCAXIS2PLACEMENT3D(#1613,#1614,#1615);
#1617=IFCLOCALPLACEMENT(#35,#1616);
#1618=IFCCARTESIANPOINT((0.,0.));
#1619=IFCCARTESIANPOINT((0.25,0.));
#1620=IFCPOLYLINE((#1618,#1619));
#1621=IFCCARTESIANPOINT((0.125,0.));
#1622=IFCAXIS2PLACEMENT2D(#1621,$);
#1623=IFCRECTANGLEPROFILEDEF(.AREA.,$,#1622,0.25,0.29999999999999999);
#1624=IFCCARTESIANPOINT((0.,0.,0.));
#1625=IFCDIRECTION((0.,0.,1.));
#1626=IFCDIRECTION((1.,0.,0.));
#1627=IFCAXIS2PLACEMENT3D(#1624,#1625,#1626);
#1628=IFCDIRECTION((0.,0.,1.));
#1629=IFCEXTRUDEDAREASOLID(#1623,#1627,#1628,3.);
#1630=IFCSHAPEREPRESENTATION(#17,'Axis','Curve2D',(#1620));
#1631=IFCSHAPEREPRESENTATION(#12,'Body','SweptSolid',(#1629));
#1632=IFCPRODUCTDEFINITIONSHAPE($,$,(#1630,#1631));
#1633=IFCWALL('3vecMrl1XPlRVJVfZpPUpp',$,'W-052',$,$,#1617,#1632,$,$);
#1634=IFCPROPERTYSINGLEVALUE('id',$,IFCLABEL('W-052'),$);
#1635=IFCPROPERTYSINGLEVALUE('HeightDefaulted',$,IFCBOOLEAN(.T.),$);
#1636=IFCPROPERTYSINGLEVALUE('MaterialFromThickness',$,IFCBOOLEAN(.T.),$);
#1637=IFCPROPERTYSET('3k_DTvQMzL5fiZ$AaVYbz$',$,'yaml-ifc',$,(#1634,#1635,#1636));
#1638=IFCRELDEFINESBYPROPERTIES('08XC5eNgnU9gfm2FDJDVvm',$,$,$,(#1633),#1637);
#1639=IFCMATERIAL('wall',$,$);
#1640=IFCMATERIALLAYER(#1639,0.29999999999999999,$,$,$,$,$);
#1641=IFCMATERIALLAYERSET((#1640),'W-052',$);
#1642=IFCMATERIALLAYERSETUSAGE(#1641,.AXIS2.,.POSITIVE.,-0.14999999999999999,$);
#1643=IFCRELASSOCIATESMATERIAL('1HTj1OFkLJ$vFOrqL6fgKz',$,$,$,(#1633),#1642);
#1644=IFCCARTESIANPOINT((25.300000000000001,15.35,0.));
#1645=IFCDIRECTION((0.,0.,1.));
#1646=IFCDIRECTION((0.,1.,0.));
#1647=IFCAXIS2PLACEMENT3D(#1644,#1645,#1646);
#1648=IFCLOCALPLACEMENT(#35,#1647);
#1649=IFCCARTESIANPOINT((0.,0.));
#1650=IFCCARTESIANPOINT((0.25,0.));
#1651=IFCPOLYLINE((#1649,#1650));
#1652=IFCCARTESIANPOINT((0.125,0.));
#1653=IFCAXIS2PLACEMENT2D(#1652,$);
#1654=IFCRECTANGLEPROFILEDEF(.AREA.,$,#1653,0.25,0.29999999999999999);
#1655=IFCCARTESIANPOINT((0.,0.,0.));
#1656=IFCDIRECTION((0.,0.,1.));
#1657=IFCDIRECTION((1.,0.,0.));
#1658=IFCAXIS2PLACEMENT3D(#1655,#1656,#1657);
#1659=IFCDIRECTION((0.,0.,1.));
#1660=IFCEXTRUDEDAREASOLID(#1654,#1658,#1659,3.);
#1661=IFCSHAPEREPRESENTATION(#17,'Axis','Curve2D',(#1651));
#1662=IFCSHAPEREPRESENTATION(#12,'Body','SweptSolid',(#1660));
#1663=IFCPRODUCTDEFINITIONSHAPE($,$,(#1661,#1662));
#1664=IFCWALL('37U3GHZyTJ2Am9L6zsT3tk',$,'W-053',$,$,#1648,#1663,$,$);
#1665=IFCPROPERTYSINGLEVALUE('id',$,IFCLABEL('W-053'),$);
#1666=IFCPROPERTYSINGLEVALUE('HeightDefaulted',$,IFCBOOLEAN(.T.),$);
#1667=IFCPROPERTYSINGLEVALUE('MaterialFromThickness',$,IFCBOOLEAN(.T.),$);
#1668=IFCPROPERTYSET('3lcEeYnsTSw9FWvz_aA$Zm',$,'yaml-ifc',$,(#1665,#1666,#1667));
#1669=IFCRELDEFINESBYPROPERTIES('1y$qf9Qo5QiRiMw4FZ7Dlj',$,$,$,(#1664),#1668);
#1670=IFCMATERIAL('wall',$,$);
#1671=IFCMATERIALLAYER(#1670,0.29999999999999999,$,$,$,$,$);
#1672=IFCMATERIALLAYERSET((#1671),'W-053',$);
#1673=IFCMATERIALLAYERSETUSAGE(#1672,.AXIS2.,.POSITIVE.,-0.14999999999999999,$);
#1674=IFCRELASSOCIATESMATERIAL('0pi7NSc5rREwL21X1MkcMa',$,$,$,(#1664),#1673);
#1675=IFCCARTESIANPOINT((29.925000000000001,0.45000000000000001,0.));
#1676=IFCDIRECTION((0.,0.,1.));
#1677=IFCDIRECTION((0.,1.,0.));
#1678=IFCAXIS2PLACEMENT3D(#1675,#1676,#1677);
#1679=IFCLOCALPLACEMENT(#35,#1678);
#1680=IFCCARTESIANPOINT((0.,0.));
#1681=IFCCARTESIANPOINT((7.25,0.));
#1682=IFCPOLYLINE((#1680,#1681));
#1683=IFCCARTESIANPOINT((3.625,0.));
#1684=IFCAXIS2PLACEMENT2D(#1683,$);
#1685=IFCRECTANGLEPROFILEDEF(.AREA.,$,#1684,7.25,0.45000000000000001);
#1686=IFCCARTESIANPOINT((0.,0.,0.));
#1687=IFCDIRECTION((0.,0.,1.));
#1688=IFCDIRECTION((1.,0.,0.));
#1689=IFCAXIS2PLACEMENT3D(#1686,#1687,#1688);
#1690=IFCDIRECTION((0.,0.,1.));
#1691=IFCEXTRUDEDAREASOLID(#1685,#1689,#1690,3.);
#1692=IFCSHAPEREPRESENTATION(#17,'Axis','Curve2D',(#1682));
#1693=IFCSHAPEREPRESENTATION(#12,'Body','SweptSolid',(#1691));
#1694=IFCPRODUCTDEFINITIONSHAPE($,$,(#1692,#1693));
#1695=IFCWALL('01MeRJGKnPCwSkjvgAJxmj',$,'W-054',$,$,#1679,#1694,$,$);
#1696=IFCPROPERTYSINGLEVALUE('id',$,IFCLABEL('W-054'),$);
#1697=IFCPROPERTYSINGLEVALUE('HeightDefaulted',$,IFCBOOLEAN(.T.),$);
#1698=IFCPROPERTYSINGLEVALUE('MaterialFromThickness',$,IFCBOOLEAN(.T.),$);
#1699=IFCPROPERTYSET('0owL7fSBbPYORdMvBOKOsb',$,'yaml-ifc',$,(#1696,#1697,#1698));
#1700=IFCRELDEFINESBYPROPERTIES('3XN2YIXPvSQ8Q1RNBSPm8g',$,$,$,(#1695),#1699);
#1701=IFCMATERIAL('wall',$,$);
#1702=IFCMATERIALLAYER(#1701,0.45000000000000001,$,$,$,$,$);
#1703=IFCMATERIALLAYERSET((#1702),'W-054',$);
#1704=IFCMATERIALLAYERSETUSAGE(#1703,.AXIS2.,.POSITIVE.,-0.22500000000000001,$);
#1705=IFCRELASSOCIATESMATERIAL('1I_NiTdSjIQhnioj8_hie8',$,$,$,(#1695),#1704);
#1706=IFCCARTESIANPOINT((29.925000000000001,8.1999999999999993,0.));
#1707=IFCDIRECTION((0.,0.,1.));
#1708=IFCDIRECTION((0.,1.,0.));
#1709=IFCAXIS2PLACEMENT3D(#1706,#1707,#1708);
#1710=IFCLOCALPLACEMENT(#35,#1709);
#1711=IFCCARTESIANPOINT((0.,0.));
#1712=IFCCARTESIANPOINT((1.4500000000000011,0.));
#1713=IFCPOLYLINE((#1711,#1712));
#1714=IFCCARTESIANPOINT((0.72500000000000053,0.));
#1715=IFCAXIS2PLACEMENT2D(#1714,$);
#1716=IFCRECTANGLEPROFILEDEF(.AREA.,$,#1715,1.4500000000000011,0.45000000000000001);
#1717=IFCCARTESIANPOINT((0.,0.,0.));
#1718=IFCDIRECTION((0.,0.,1.));
#1719=IFCDIRECTION((1.,0.,0.));
#1720=IFCAXIS2PLACEMENT3D(#1717,#1718,#1719);
#1721=IFCDIRECTION((0.,0.,1.));
#1722=IFCEXTRUDEDAREASOLID(#1716,#1720,#1721,3.);
#1723=IFCSHAPEREPRESENTATION(#17,'Axis','Curve2D',(#1713));
#1724=IFCSHAPEREPRESENTATION(#12,'Body','SweptSolid',(#1722));
#1725=IFCPRODUCTDEFINITIONSHAPE($,$,(#1723,#1724));
#1726=IFCWALL('2nD3kfdkfKduXD_$Al$YN4',$,'W-055',$,$,#1710,#1725,$,$);
#1727=IFCPROPERTYSINGLEVALUE('id',$,IFCLABEL('W-055'),$);
#1728=IFCPROPERTYSINGLEVALUE('HeightDefaulted',$,IFCBOOLEAN(.T.),$);
#1729=IFCPROPERTYSINGLEVALUE('MaterialFromThickness',$,IFCBOOLEAN(.T.),$);
#1730=IFCPROPERTYSET('2NR3HzJPDHIBbqn2nOZp8z',$,'yaml-ifc',$,(#1727,#1728,#1729));
#1731=IFCRELDEFINESBYPROPERTIES('2GawREtSzRWvIlpmCZjcJL',$,$,$,(#1726),#1730);
#1732=IFCMATERIAL('wall',$,$);
#1733=IFCMATERIALLAYER(#1732,0.45000000000000001,$,$,$,$,$);
#1734=IFCMATERIALLAYERSET((#1733),'W-055',$);
#1735=IFCMATERIALLAYERSETUSAGE(#1734,.AXIS2.,.POSITIVE.,-0.22500000000000001,$);
#1736=IFCRELASSOCIATESMATERIAL('1GuKAvwgLTUvycuJMAc3FZ',$,$,$,(#1726),#1735);
#1737=IFCCARTESIANPOINT((30.024999999999999,10.25,0.));
#1738=IFCDIRECTION((0.,0.,1.));
#1739=IFCDIRECTION((0.,1.,0.));
#1740=IFCAXIS2PLACEMENT3D(#1737,#1738,#1739);
#1741=IFCLOCALPLACEMENT(#35,#1740);
#1742=IFCCARTESIANPOINT((0.,0.));
#1743=IFCCARTESIANPOINT((5.3499999999999996,0.));
#1744=IFCPOLYLINE((#1742,#1743));
#1745=IFCCARTESIANPOINT((2.6749999999999998,0.));
#1746=IFCAXIS2PLACEMENT2D(#1745,$);
#1747=IFCRECTANGLEPROFILEDEF(.AREA.,$,#1746,5.3499999999999996,0.25);
#1748=IFCCARTESIANPOINT((0.,0.,0.));
#1749=IFCDIRECTION((0.,0.,1.));
#1750=IFCDIRECTION((1.,0.,0.));
#1751=IFCAXIS2PLACEMENT3D(#1748,#1749,#1750);
#1752=IFCDIRECTION((0.,0.,1.));
#1753=IFCEXTRUDEDAREASOLID(#1747,#1751,#1752,3.);
#1754=IFCSHAPEREPRESENTATION(#17,'Axis','Curve2D',(#1744));
#1755=IFCSHAPEREPRESENTATION(#12,'Body','SweptSolid',(#1753));
#1756=IFCPRODUCTDEFINITIONSHAPE($,$,(#1754,#1755));
#1757=IFCWALL('1Qa899Y6XUhBmSIOhVeq35',$,'W-056',$,$,#1741,#1756,$,$);
#1758=IFCPROPERTYSINGLEVALUE('id',$,IFCLABEL('W-056'),$);
#1759=IFCPROPERTYSINGLEVALUE('HeightDefaulted',$,IFCBOOLEAN(.T.),$);
#1760=IFCPROPERTYSINGLEVALUE('MaterialFromThickness',$,IFCBOOLEAN(.T.),$);
#1761=IFCPROPERTYSET('26q$X1dtDH4xVli1n$L0Ry',$,'yaml-ifc',$,(#1758,#1759,#1760));
#1762=IFCRELDEFINESBYPROPERTIES('2z0WXOlmrTJQm8lOcDBCAO',$,$,$,(#1757),#1761);
#1763=IFCMATERIAL('wall',$,$);
#1764=IFCMATERIALLAYER(#1763,0.25,$,$,$,$,$);
#1765=IFCMATERIALLAYERSET((#1764),'W-056',$);
#1766=IFCMATERIALLAYERSETUSAGE(#1765,.AXIS2.,.POSITIVE.,-0.125,$);
#1767=IFCRELASSOCIATESMATERIAL('0A7mLCIL5OzPYL0wcIi6uI',$,$,$,(#1757),#1766);
#1768=IFCCARTESIANPOINT((32.387500000000003,6.0250000000000004,0.));
#1769=IFCDIRECTION((0.,0.,1.));
#1770=IFCDIRECTION((0.,1.,0.));
#1771=IFCAXIS2PLACEMENT3D(#1768,#1769,#1770);
#1772=IFCLOCALPLACEMENT(#35,#1771);
#1773=IFCCARTESIANPOINT((0.,0.));
#1774=IFCCARTESIANPOINT((1.9249999999999998,0.));
#1775=IFCPOLYLINE((#1773,#1774));
#1776=IFCCARTESIANPOINT((0.96249999999999991,0.));
#1777=IFCAXIS2PLACEMENT2D(#1776,$);
#1778=IFCRECTANGLEPROFILEDEF(.AREA.,$,#1777,1.9249999999999998,0.125);
#1779=IFCCARTESIANPOINT((0.,0.,0.));
#1780=IFCDIRECTION((0.,0.,1.));
#1781=IFCDIRECTION((1.,0.,0.));
#1782=IFCAXIS2PLACEMENT3D(#1779,#1780,#1781);
#1783=IFCDIRECTION((0.,0.,1.));
#1784=IFCEXTRUDEDAREASOLID(#1778,#1782,#1783,3.);
#1785=IFCSHAPEREPRESENTATION(#17,'Axis','Curve2D',(#1775));
#1786=IFCSHAPEREPRESENTATION(#12,'Body','SweptSolid',(#1784));
#1787=IFCPRODUCTDEFINITIONSHAPE($,$,(#1785,#1786));
#1788=IFCWALL('35oM2vOs9P8w2b0p4vBxht',$,'W-057',$,$,#1772,#1787,$,$);
#1789=IFCPROPERTYSINGLEVALUE('id',$,IFCLABEL('W-057'),$);
#1790=IFCPROPERTYSINGLEVALUE('HeightDefaulted',$,IFCBOOLEAN(.T.),$);
#1791=IFCPROPERTYSINGLEVALUE('MaterialFromThickness',$,IFCBOOLEAN(.T.),$);
#1792=IFCPROPERTYSET('0$vhQ9TJzUbAm5GD24tj$v',$,'yaml-ifc',$,(#1789,#1790,#1791));
#1793=IFCRELDEFINESBYPROPERTIES('1oqFupHZ1GuxPZeBmUY4p4',$,$,$,(#1788),#1792);
#1794=IFCMATERIAL('wall',$,$);
#1795=IFCMATERIALLAYER(#1794,0.125,$,$,$,$,$);
#1796=IFCMATERIALLAYERSET((#1795),'W-057',$);
#1797=IFCMATERIALLAYERSETUSAGE(#1796,.AXIS2.,.POSITIVE.,-0.0625,$);
#1798=IFCRELASSOCIATESMATERIAL('2a3J3YFvrVNPZbE29TeTq8',$,$,$,(#1788),#1797);
#1799=IFCCARTESIANPOINT((32.712499999999999,3.875,0.));
#1800=IFCDIRECTION((0.,0.,1.));
#1801=IFCDIRECTION((0.,1.,0.));
#1802=IFCAXIS2PLACEMENT3D(#1799,#1800,#1801);
#1803=IFCLOCALPLACEMENT(#35,#1802);
#1804=IFCCARTESIANPOINT((0.,0.));
#1805=IFCCARTESIANPOINT((1.9000000000000004,0.));
#1806=IFCPOLYLINE((#1804,#1805));
#1807=IFCCARTESIANPOINT((0.95000000000000018,0.));
#1808=IFCAXIS2PLACEMENT2D(#1807,$);
#1809=IFCRECTANGLEPROFILEDEF(.AREA.,$,#1808,1.9000000000000004,0.125);
#1810=IFCCARTESIANPOINT((0.,0.,0.));
#1811=IFCDIRECTION((0.,0.,1.));
#1812=IFCDIRECTION((1.,0.,0.));
#1813=IFCAXIS2PLACEMENT3D(#1810,#1811,#1812);
#1814=IFCDIRECTION((0.,0.,1.));
#1815=IFCEXTRUDEDAREASOLID(#1809,#1813,#1814,3.);
#1816=IFCSHAPEREPRESENTATION(#17,'Axis','Curve2D',(#1806));
#1817=IFCSHAPEREPRESENTATION(#12,'Body','SweptSolid',(#1815));
#1818=IFCPRODUCTDEFINITIONSHAPE($,$,(#1816,#1817));
#1819=IFCWALL('2wh4P8OjzSDRys9vYnCaUt',$,'W-058',$,$,#1803,#1818,$,$);
#1820=IFCPROPERTYSINGLEVALUE('id',$,IFCLABEL('W-058'),$);
#1821=IFCPROPERTYSINGLEVALUE('HeightDefaulted',$,IFCBOOLEAN(.T.),$);
#1822=IFCPROPERTYSINGLEVALUE('MaterialFromThickness',$,IFCBOOLEAN(.T.),$);
#1823=IFCPROPERTYSET('0fm1jcMYnH7RLVZmR78Y40',$,'yaml-ifc',$,(#1820,#1821,#1822));
#1824=IFCRELDEFINESBYPROPERTIES('2cXko5YhXHcB5yx8KGmOS5',$,$,$,(#1819),#1823);
#1825=IFCMATERIAL('wall',$,$);
#1826=IFCMATERIALLAYER(#1825,0.125,$,$,$,$,$);
#1827=IFCMATERIALLAYERSET((#1826),'W-058',$);
#1828=IFCMATERIALLAYERSETUSAGE(#1827,.AXIS2.,.POSITIVE.,-0.0625,$);
#1829=IFCRELASSOCIATESMATERIAL('35$87Au39S6Qu4JTcU1xhl',$,$,$,(#1819),#1828);
#1830=IFCCARTESIANPOINT((32.975000000000001,8.3000000000000007,0.));
#1831=IFCDIRECTION((0.,0.,1.));
#1832=IFCDIRECTION((0.,1.,0.));
#1833=IFCAXIS2PLACEMENT3D(#1830,#1831,#1832);
#1834=IFCLOCALPLACEMENT(#35,#1833);
#1835=IFCCARTESIANPOINT((0.,0.));
#1836=IFCCARTESIANPOINT((2.9499999999999993,0.));
#1837=IFCPOLYLINE((#1835,#1836));
#1838=IFCCARTESIANPOINT((1.4749999999999996,0.));
#1839=IFCAXIS2PLACEMENT2D(#1838,$);
#1840=IFCRECTANGLEPROFILEDEF(.AREA.,$,#1839,2.9499999999999993,0.25);
#1841=IFCCARTESIANPOINT((0.,0.,0.));
#1842=IFCDIRECTION((0.,0.,1.));
#1843=IFCDIRECTION((1.,0.,0.));
#1844=IFCAXIS2PLACEMENT3D(#1841,#1842,#1843);
#1845=IFCDIRECTION((0.,0.,1.));
#1846=IFCEXTRUDEDAREASOLID(#1840,#1844,#1845,3.);
#1847=IFCSHAPEREPRESENTATION(#17,'Axis','Curve2D',(#1837));
#1848=IFCSHAPEREPRESENTATION(#12,'Body','SweptSolid',(#1846));
#1849=IFCPRODUCTDEFINITIONSHAPE($,$,(#1847,#1848));
#1850=IFCWALL('1FU8AoH4nL88i5XgkeyfzR',$,'W-059',$,$,#1834,#1849,$,$);
#1851=IFCPROPERTYSINGLEVALUE('id',$,IFCLABEL('W-059'),$);
#1852=IFCPROPERTYSINGLEVALUE('HeightDefaulted',$,IFCBOOLEAN(.T.),$);
#1853=IFCPROPERTYSINGLEVALUE('MaterialFromThickness',$,IFCBOOLEAN(.T.),$);
#1854=IFCPROPERTYSET('00gFhwJ$PUXAh7WIKwGwYJ',$,'yaml-ifc',$,(#1851,#1852,#1853));
#1855=IFCRELDEFINESBYPROPERTIES('1zDy82ZZPGJ90HfIQIjMpT',$,$,$,(#1850),#1854);
#1856=IFCMATERIAL('wall',$,$);
#1857=IFCMATERIALLAYER(#1856,0.25,$,$,$,$,$);
#1858=IFCMATERIALLAYERSET((#1857),'W-059',$);
#1859=IFCMATERIALLAYERSETUSAGE(#1858,.AXIS2.,.POSITIVE.,-0.125,$);
#1860=IFCRELASSOCIATESMATERIAL('3RxqSh1pnVJwuJVX$$gLSj',$,$,$,(#1850),#1859);
#1861=IFCCARTESIANPOINT((33.075000000000003,11.6,0.));
#1862=IFCDIRECTION((0.,0.,1.));
#1863=IFCDIRECTION((0.,1.,0.));
#1864=IFCAXIS2PLACEMENT3D(#1861,#1862,#1863);
#1865=IFCLOCALPLACEMENT(#35,#1864);
#1866=IFCCARTESIANPOINT((0.,0.));
#1867=IFCCARTESIANPOINT((4.,0.));
#1868=IFCPOLYLINE((#1866,#1867));
#1869=IFCCARTESIANPOINT((2.,0.));
#1870=IFCAXIS2PLACEMENT2D(#1869,$);
#1871=IFCRECTANGLEPROFILEDEF(.AREA.,$,#1870,4.,0.45000000000000001);
#1872=IFCCARTESIANPOINT((0.,0.,0.));
#1873=IFCDIRECTION((0.,0.,1.));
#1874=IFCDIRECTION((1.,0.,0.));
#1875=IFCAXIS2PLACEMENT3D(#1872,#1873,#1874);
#1876=IFCDIRECTION((0.,0.,1.));
#1877=IFCEXTRUDEDAREASOLID(#1871,#1875,#1876,3.);
#1878=IFCSHAPEREPRESENTATION(#17,'Axis','Curve2D',(#1868));
#1879=IFCSHAPEREPRESENTATION(#12,'Body','SweptSolid',(#1877));
#1880=IFCPRODUCTDEFINITIONSHAPE($,$,(#1878,#1879));
#1881=IFCWALL('0CjW4V2h5Qqhb_KBgMDRv4',$,'W-060',$,$,#1865,#1880,$,$);
#1882=IFCPROPERTYSINGLEVALUE('id',$,IFCLABEL('W-060'),$);
#1883=IFCPROPERTYSINGLEVALUE('HeightDefaulted',$,IFCBOOLEAN(.T.),$);
#1884=IFCPROPERTYSINGLEVALUE('MaterialFromThickness',$,IFCBOOLEAN(.T.),$);
#1885=IFCPROPERTYSET('3Lmld5LsXHvBY$reAu9pfC',$,'yaml-ifc',$,(#1882,#1883,#1884));
#1886=IFCRELDEFINESBYPROPERTIES('11aRteJT1M9u4UMzHC1Nmo',$,$,$,(#1881),#1885);
#1887=IFCMATERIAL('wall',$,$);
#1888=IFCMATERIALLAYER(#1887,0.45000000000000001,$,$,$,$,$);
#1889=IFCMATERIALLAYERSET((#1888),'W-060',$);
#1890=IFCMATERIALLAYERSETUSAGE(#1889,.AXIS2.,.POSITIVE.,-0.22500000000000001,$);
#1891=IFCRELASSOCIATESMATERIAL('1RuCsm6z5NZ8br5Iz7rnzP',$,$,$,(#1881),#1890);
#1892=IFCCARTESIANPOINT((34.875,5.5499999999999998,0.));
#1893=IFCDIRECTION((0.,0.,1.));
#1894=IFCDIRECTION((0.,1.,0.));
#1895=IFCAXIS2PLACEMENT3D(#1892,#1893,#1894);
#1896=IFCLOCALPLACEMENT(#35,#1895);
#1897=IFCCARTESIANPOINT((0.,0.));
#1898=IFCCARTESIANPOINT((2.2000000000000002,0.));
#1899=IFCPOLYLINE((#1897,#1898));
#1900=IFCCARTESIANPOINT((1.1000000000000001,0.));
#1901=IFCAXIS2PLACEMENT2D(#1900,$);
#1902=IFCRECTANGLEPROFILEDEF(.AREA.,$,#1901,2.2000000000000002,0.25);
#1903=IFCCARTESIANPOINT((0.,0.,0.));
#1904=IFCDIRECTION((0.,0.,1.));
#1905=IFCDIRECTION((1.,0.,0.));
#1906=IFCAXIS2PLACEMENT3D(#1903,#1904,#1905);
#1907=IFCDIRECTION((0.,0.,1.));
#1908=IFCEXTRUDEDAREASOLID(#1902,#1906,#1907,3.);
#1909=IFCSHAPEREPRESENTATION(#17,'Axis','Curve2D',(#1899));
#1910=IFCSHAPEREPRESENTATION(#12,'Body','SweptSolid',(#1908));
#1911=IFCPRODUCTDEFINITIONSHAPE($,$,(#1909,#1910));
#1912=IFCWALL('1ra05ONsHVIOj_hh7CfsMG',$,'W-061',$,$,#1896,#1911,$,$);
#1913=IFCPROPERTYSINGLEVALUE('id',$,IFCLABEL('W-061'),$);
#1914=IFCPROPERTYSINGLEVALUE('HeightDefaulted',$,IFCBOOLEAN(.T.),$);
#1915=IFCPROPERTYSINGLEVALUE('MaterialFromThickness',$,IFCBOOLEAN(.T.),$);
#1916=IFCPROPERTYSET('0u9LnLFJbLAvw93POEtbEY',$,'yaml-ifc',$,(#1913,#1914,#1915));
#1917=IFCRELDEFINESBYPROPERTIES('0FgavWO2PTH8ZO2z5yoCpj',$,$,$,(#1912),#1916);
#1918=IFCMATERIAL('wall',$,$);
#1919=IFCMATERIALLAYER(#1918,0.25,$,$,$,$,$);
#1920=IFCMATERIALLAYERSET((#1919),'W-061',$);
#1921=IFCMATERIALLAYERSETUSAGE(#1920,.AXIS2.,.POSITIVE.,-0.125,$);
#1922=IFCRELASSOCIATESMATERIAL('33OEJR1V9O7RQfbl_ovnBp',$,$,$,(#1912),#1921);
#1923=IFCCARTESIANPOINT((34.875,8.1999999999999993,0.));
#1924=IFCDIRECTION((0.,0.,1.));
#1925=IFCDIRECTION((0.,1.,0.));
#1926=IFCAXIS2PLACEMENT3D(#1923,#1924,#1925);
#1927=IFCLOCALPLACEMENT(#35,#1926);
#1928=IFCCARTESIANPOINT((0.,0.));
#1929=IFCCARTESIANPOINT((1.7250000000000014,0.));
#1930=IFCPOLYLINE((#1928,#1929));
#1931=IFCCARTESIANPOINT((0.86250000000000071,0.));
#1932=IFCAXIS2PLACEMENT2D(#1931,$);
#1933=IFCRECTANGLEPROFILEDEF(.AREA.,$,#1932,1.7250000000000014,0.25);
#1934=IFCCARTESIANPOINT((0.,0.,0.));
#1935=IFCDIRECTION((0.,0.,1.));
#1936=IFCDIRECTION((1.,0.,0.));
#1937=IFCAXIS2PLACEMENT3D(#1934,#1935,#1936);
#1938=IFCDIRECTION((0.,0.,1.));
#1939=IFCEXTRUDEDAREASOLID(#1933,#1937,#1938,3.);
#1940=IFCSHAPEREPRESENTATION(#17,'Axis','Curve2D',(#1930));
#1941=IFCSHAPEREPRESENTATION(#12,'Body','SweptSolid',(#1939));
#1942=IFCPRODUCTDEFINITIONSHAPE($,$,(#1940,#1941));
#1943=IFCWALL('1qiIZDMiPGYxNmQbmdfqxJ',$,'W-062',$,$,#1927,#1942,$,$);
#1944=IFCPROPERTYSINGLEVALUE('id',$,IFCLABEL('W-062'),$);
#1945=IFCPROPERTYSINGLEVALUE('HeightDefaulted',$,IFCBOOLEAN(.T.),$);
#1946=IFCPROPERTYSINGLEVALUE('MaterialFromThickness',$,IFCBOOLEAN(.T.),$);
#1947=IFCPROPERTYSET('2RJa68nG5UAfieocViL2Lr',$,'yaml-ifc',$,(#1944,#1945,#1946));
#1948=IFCRELDEFINESBYPROPERTIES('2nF8tQZUTHtR88i$3doLpe',$,$,$,(#1943),#1947);
#1949=IFCMATERIAL('wall',$,$);
#1950=IFCMATERIALLAYER(#1949,0.25,$,$,$,$,$);
#1951=IFCMATERIALLAYERSET((#1950),'W-062',$);
#1952=IFCMATERIALLAYERSETUSAGE(#1951,.AXIS2.,.POSITIVE.,-0.125,$);
#1953=IFCRELASSOCIATESMATERIAL('0bq7YYvIjPmxXe6WTiEY0G',$,$,$,(#1943),#1952);
#1954=IFCCARTESIANPOINT((34.975000000000001,0.45000000000000001,0.));
#1955=IFCDIRECTION((0.,0.,1.));
#1956=IFCDIRECTION((0.,1.,0.));
#1957=IFCAXIS2PLACEMENT3D(#1954,#1955,#1956);
#1958=IFCLOCALPLACEMENT(#35,#1957);
#1959=IFCCARTESIANPOINT((0.,0.));
#1960=IFCCARTESIANPOINT((4.8499999999999996,0.));
#1961=IFCPOLYLINE((#1959,#1960));
#1962=IFCCARTESIANPOINT((2.4249999999999998,0.));
#1963=IFCAXIS2PLACEMENT2D(#1962,$);
#1964=IFCRECTANGLEPROFILEDEF(.AREA.,$,#1963,4.8499999999999996,0.45000000000000001);
#1965=IFCCARTESIANPOINT((0.,0.,0.));
#1966=IFCDIRECTION((0.,0.,1.));
#1967=IFCDIRECTION((1.,0.,0.));
#1968=IFCAXIS2PLACEMENT3D(#1965,#1966,#1967);
#1969=IFCDIRECTION((0.,0.,1.));
#1970=IFCEXTRUDEDAREASOLID(#1964,#1968,#1969,3.);
#1971=IFCSHAPEREPRESENTATION(#17,'Axis','Curve2D',(#1961));
#1972=IFCSHAPEREPRESENTATION(#12,'Body','SweptSolid',(#1970));
#1973=IFCPRODUCTDEFINITIONSHAPE($,$,(#1971,#1972));
#1974=IFCWALL('31AhbbTi1SbA3RR$sOQrWd',$,'W-063',$,$,#1958,#1973,$,$);
#1975=IFCPROPERTYSINGLEVALUE('id',$,IFCLABEL('W-063'),$);
#1976=IFCPROPERTYSINGLEVALUE('HeightDefaulted',$,IFCBOOLEAN(.T.),$);
#1977=IFCPROPERTYSINGLEVALUE('MaterialFromThickness',$,IFCBOOLEAN(.T.),$);
#1978=IFCPROPERTYSET('2vAZh99FbGgOgRpv8s$AC4',$,'yaml-ifc',$,(#1975,#1976,#1977));
#1979=IFCRELDEFINESBYPROPERTIES('109iI6LULG0A7r6BJQcFCq',$,$,$,(#1974),#1978);
#1980=IFCMATERIAL('wall',$,$);
#1981=IFCMATERIALLAYER(#1980,0.45000000000000001,$,$,$,$,$);
#1982=IFCMATERIALLAYERSET((#1981),'W-063',$);
#1983=IFCMATERIALLAYERSETUSAGE(#1982,.AXIS2.,.POSITIVE.,-0.22500000000000001,$);
#1984=IFCRELASSOCIATESMATERIAL('2ci3IejCHQHhOSrwpTXYCT',$,$,$,(#1974),#1983);
#1985=IFCCARTESIANPOINT((37.924999999999997,3.7000000000000002,0.));
#1986=IFCDIRECTION((0.,0.,1.));
#1987=IFCDIRECTION((0.,1.,0.));
#1988=IFCAXIS2PLACEMENT3D(#1985,#1986,#1987);
#1989=IFCLOCALPLACEMENT(#35,#1988);
#1990=IFCCARTESIANPOINT((0.,0.));
#1991=IFCCARTESIANPOINT((1.5999999999999996,0.));
#1992=IFCPOLYLINE((#1990,#1991));
#1993=IFCCARTESIANPOINT((0.79999999999999982,0.));
#1994=IFCAXIS2PLACEMENT2D(#1993,$);
#1995=IFCRECTANGLEPROFILEDEF(.AREA.,$,#1994,1.5999999999999996,0.34999999999999998);
#1996=IFCCARTESIANPOINT((0.,0.,0.));
#1997=IFCDIRECTION((0.,0.,1.));
#1998=IFCDIRECTION((1.,0.,0.));
#1999=IFCAXIS2PLACEMENT3D(#1996,#1997,#1998);
#2000=IFCDIRECTION((0.,0.,1.));
#2001=IFCEXTRUDEDAREASOLID(#1995,#1999,#2000,3.);
#2002=IFCSHAPEREPRESENTATION(#17,'Axis','Curve2D',(#1992));
#2003=IFCSHAPEREPRESENTATION(#12,'Body','SweptSolid',(#2001));
#2004=IFCPRODUCTDEFINITIONSHAPE($,$,(#2002,#2003));
#2005=IFCWALL('3N96VFNSvQtx_hn8KoaHTm',$,'W-064',$,$,#1989,#2004,$,$);
#2006=IFCPROPERTYSINGLEVALUE('id',$,IFCLABEL('W-064'),$);
#2007=IFCPROPERTYSINGLEVALUE('HeightDefaulted',$,IFCBOOLEAN(.T.),$);
#2008=IFCPROPERTYSINGLEVALUE('MaterialFromThickness',$,IFCBOOLEAN(.T.),$);
#2009=IFCPROPERTYSET('3cr_5fL$bO_f0y9cULbqkH',$,'yaml-ifc',$,(#2006,#2007,#2008));
#2010=IFCRELDEFINESBYPROPERTIES('124RS1pxLO49AJNo0Weonn',$,$,$,(#2005),#2009);
#2011=IFCMATERIAL('wall',$,$);
#2012=IFCMATERIALLAYER(#2011,0.34999999999999998,$,$,$,$,$);
#2013=IFCMATERIALLAYERSET((#2012),'W-064',$);
#2014=IFCMATERIALLAYERSETUSAGE(#2013,.AXIS2.,.POSITIVE.,-0.17499999999999999,$);
#2015=IFCRELASSOCIATESMATERIAL('0gQlELqgHPmhASfHpniJgP',$,$,$,(#2005),#2014);
#2016=IFCCARTESIANPOINT((37.924999999999997,11.6,0.));
#2017=IFCDIRECTION((0.,0.,1.));
#2018=IFCDIRECTION((0.,1.,0.));
#2019=IFCAXIS2PLACEMENT3D(#2016,#2017,#2018);
#2020=IFCLOCALPLACEMENT(#35,#2019);
#2021=IFCCARTESIANPOINT((0.,0.));
#2022=IFCCARTESIANPOINT((1.0999999999999996,0.));
#2023=IFCPOLYLINE((#2021,#2022));
#2024=IFCCARTESIANPOINT((0.54999999999999982,0.));
#2025=IFCAXIS2PLACEMENT2D(#2024,$);
#2026=IFCRECTANGLEPROFILEDEF(.AREA.,$,#2025,1.0999999999999996,0.34999999999999998);
#2027=IFCCARTESIANPOINT((0.,0.,0.));
#2028=IFCDIRECTION((0.,0.,1.));
#2029=IFCDIRECTION((1.,0.,0.));
#2030=IFCAXIS2PLACEMENT3D(#2027,#2028,#2029);
#2031=IFCDIRECTION((0.,0.,1.));
#2032=IFCEXTRUDEDAREASOLID(#2026,#2030,#2031,3.);
#2033=IFCSHAPEREPRESENTATION(#17,'Axis','Curve2D',(#2023));
#2034=IFCSHAPEREPRESENTATION(#12,'Body','SweptSolid',(#2032));
#2035=IFCPRODUCTDEFINITIONSHAPE($,$,(#2033,#2034));
#2036=IFCWALL('1niqzdOOHLZhHuSySdm35l',$,'W-065',$,$,#2020,#2035,$,$);
#2037=IFCPROPERTYSINGLEVALUE('id',$,IFCLABEL('W-065'),$);
#2038=IFCPROPERTYSINGLEVALUE('HeightDefaulted',$,IFCBOOLEAN(.T.),$);
#2039=IFCPROPERTYSINGLEVALUE('MaterialFromThickness',$,IFCBOOLEAN(.T.),$);
#2040=IFCPROPERTYSET('0j9hwyBa9QnPS6S2mo5E15',$,'yaml-ifc',$,(#2037,#2038,#2039));
#2041=IFCRELDEFINESBYPROPERTIES('1IUOZ9wkbK7umB3SgtIDAu',$,$,$,(#2036),#2040);
#2042=IFCMATERIAL('wall',$,$);
#2043=IFCMATERIALLAYER(#2042,0.34999999999999998,$,$,$,$,$);
#2044=IFCMATERIALLAYERSET((#2043),'W-065',$);
#2045=IFCMATERIALLAYERSETUSAGE(#2044,.AXIS2.,.POSITIVE.,-0.17499999999999999,$);
#2046=IFCRELASSOCIATESMATERIAL('3G_h$UpBXPi8x27c2eyKXz',$,$,$,(#2036),#2045);
#2047=IFCCARTESIANPOINT((37.975000000000001,5.5499999999999998,0.));
#2048=IFCDIRECTION((0.,0.,1.));
#2049=IFCDIRECTION((0.,1.,0.));
#2050=IFCAXIS2PLACEMENT3D(#2047,#2048,#2049);
#2051=IFCLOCALPLACEMENT(#35,#2050);
#2052=IFCCARTESIANPOINT((0.,0.));
#2053=IFCCARTESIANPOINT((4.3750000000000009,0.));
#2054=IFCPOLYLINE((#2052,#2053));
#2055=IFCCARTESIANPOINT((2.1875000000000004,0.));
#2056=IFCAXIS2PLACEMENT2D(#2055,$);
#2057=IFCRECTANGLEPROFILEDEF(.AREA.,$,#2056,4.3750000000000009,0.25);
#2058=IFCCARTESIANPOINT((0.,0.,0.));
#2059=IFCDIRECTION((0.,0.,1.));
#2060=IFCDIRECTION((1.,0.,0.));
#2061=IFCAXIS2PLACEMENT3D(#2058,#2059,#2060);
#2062=IFCDIRECTION((0.,0.,1.));
#2063=IFCEXTRUDEDAREASOLID(#2057,#2061,#2062,3.);
#2064=IFCSHAPEREPRESENTATION(#17,'Axis','Curve2D',(#2054));
#2065=IFCSHAPEREPRESENTATION(#12,'Body','SweptSolid',(#2063));
#2066=IFCPRODUCTDEFINITIONSHAPE($,$,(#2064,#2065));
#2067=IFCWALL('3X1nJGDCjKL8rcFHQj4AQW',$,'W-066',$,$,#2051,#2066,$,$);
#2068=IFCPROPERTYSINGLEVALUE('id',$,IFCLABEL('W-066'),$);
#2069=IFCPROPERTYSINGLEVALUE('HeightDefaulted',$,IFCBOOLEAN(.T.),$);
#2070=IFCPROPERTYSINGLEVALUE('MaterialFromThickness',$,IFCBOOLEAN(.T.),$);
#2071=IFCPROPERTYSET('3iyc5tZQPQ5ADnmIuyHnZz',$,'yaml-ifc',$,(#2068,#2069,#2070));
#2072=IFCRELDEFINESBYPROPERTIES('19SjHJTAXTDx3w_uDLbpxF',$,$,$,(#2067),#2071);
#2073=IFCMATERIAL('wall',$,$);
#2074=IFCMATERIALLAYER(#2073,0.25,$,$,$,$,$);
#2075=IFCMATERIALLAYERSET((#2074),'W-066',$);
#2076=IFCMATERIALLAYERSETUSAGE(#2075,.AXIS2.,.POSITIVE.,-0.125,$);
#2077=IFCRELASSOCIATESMATERIAL('3s7eAJEpDONQLi$BV2MWUo',$,$,$,(#2067),#2076);
#2078=IFCCARTESIANPOINT((44.875,3.7000000000000002,0.));
#2079=IFCDIRECTION((0.,0.,1.));
#2080=IFCDIRECTION((0.,1.,0.));
#2081=IFCAXIS2PLACEMENT3D(#2078,#2079,#2080);
#2082=IFCLOCALPLACEMENT(#35,#2081);
#2083=IFCCARTESIANPOINT((0.,0.));
#2084=IFCCARTESIANPOINT((9.,0.));
#2085=IFCPOLYLINE((#2083,#2084));
#2086=IFCCARTESIANPOINT((4.5,0.));
#2087=IFCAXIS2PLACEMENT2D(#2086,$);
#2088=IFCRECTANGLEPROFILEDEF(.AREA.,$,#2087,9.,0.34999999999999998);
#2089=IFCCARTESIANPOINT((0.,0.,0.));
#2090=IFCDIRECTION((0.,0.,1.));
#2091=IFCDIRECTION((1.,0.,0.));
#2092=IFCAXIS2PLACEMENT3D(#2089,#2090,#2091);
#2093=IFCDIRECTION((0.,0.,1.));
#2094=IFCEXTRUDEDAREASOLID(#2088,#2092,#2093,3.);
#2095=IFCSHAPEREPRESENTATION(#17,'Axis','Curve2D',(#2085));
#2096=IFCSHAPEREPRESENTATION(#12,'Body','SweptSolid',(#2094));
#2097=IFCPRODUCTDEFINITIONSHAPE($,$,(#2095,#2096));
#2098=IFCWALL('2grEG_NsLH8xepN2TCqk_t',$,'W-067',$,$,#2082,#2097,$,$);
#2099=IFCPROPERTYSINGLEVALUE('id',$,IFCLABEL('W-067'),$);
#2100=IFCPROPERTYSINGLEVALUE('HeightDefaulted',$,IFCBOOLEAN(.T.),$);
#2101=IFCPROPERTYSINGLEVALUE('MaterialFromThickness',$,IFCBOOLEAN(.T.),$);
#2102=IFCPROPERTYSET('2F_MUP$u1JjBdtI_gQh2D5',$,'yaml-ifc',$,(#2099,#2100,#2101));
#2103=IFCRELDEFINESBYPROPERTIES('3m06Izh5PPpR4pljbVHfdL',$,$,$,(#2098),#2102);
#2104=IFCMATERIAL('wall',$,$);
#2105=IFCMATERIALLAYER(#2104,0.34999999999999998,$,$,$,$,$);
#2106=IFCMATERIALLAYERSET((#2105),'W-067',$);
#2107=IFCMATERIALLAYERSETUSAGE(#2106,.AXIS2.,.POSITIVE.,-0.17499999999999999,$);
#2108=IFCRELASSOCIATESMATERIAL('3m2eKuxlDKc8I27E_hkN24',$,$,$,(#2098),#2107);
#2109=IFCCARTESIANPOINT((1.1499999999999999,0.,0.));
#2110=IFCDIRECTION((0.,0.,1.));
#2111=IFCDIRECTION((1.,0.,0.));
#2112=IFCAXIS2PLACEMENT3D(#2109,#2110,#2111);
#2113=IFCLOCALPLACEMENT(#935,#2112);
#2114=IFCCARTESIANPOINT((1.2,0.));
#2115=IFCAXIS2PLACEMENT2D(#2114,$);
#2116=IFCRECTANGLEPROFILEDEF(.AREA.,$,#2115,2.3999999999999999,0.45000000000000001);
#2117=IFCCARTESIANPOINT((0.,0.,0.));
#2118=IFCDIRECTION((0.,0.,1.));
#2119=IFCDIRECTION((1.,0.,0.));
#2120=IFCAXIS2PLACEMENT3D(#2117,#2118,#2119);
#2121=IFCDIRECTION((0.,0.,1.));
#2122=IFCEXTRUDEDAREASOLID(#2116,#2120,#2121,2.5);
#2123=IFCSHAPEREPRESENTATION(#12,'Body','SweptSolid',(#2122));
#2124=IFCPRODUCTDEFINITIONSHAPE($,$,(#2123));
#2125=IFCOPENINGELEMENT('1wK5fzBbrPQPfC9rC6GWgL',$,'OP01',$,$,#2113,#2124,'O3',.OPENING.);
#2126=IFCRELVOIDSELEMENT('1OJTpGFqbJX85Wxp$4RvOk',$,$,$,#951,#2125);
#2127=IFCPROPERTYSINGLEVALUE('id',$,IFCLABEL('OP01'),$);
#2128=IFCPROPERTYSINGLEVALUE('AlongAxis',$,IFCREAL(1.1499999999999999),$);
#2129=IFCPROPERTYSINGLEVALUE('Width',$,IFCREAL(2.3999999999999999),$);
#2130=IFCPROPERTYSINGLEVALUE('Height',$,IFCREAL(2.5),$);
#2131=IFCPROPERTYSINGLEVALUE('SillHeight',$,IFCREAL(0.),$);
#2132=IFCPROPERTYSET('1UsCdRCfXQ0xopEY7OwQaj',$,'yaml-ifc',$,(#2127,#2128,#2129,#2130,#2131));
#2133=IFCRELDEFINESBYPROPERTIES('2fm2M0GVTQgf$t5eBV90cz',$,$,$,(#2125),#2132);
#2134=IFCCARTESIANPOINT((5.1749999999999998,0.,0.));
#2135=IFCDIRECTION((0.,0.,1.));
#2136=IFCDIRECTION((1.,0.,0.));
#2137=IFCAXIS2PLACEMENT3D(#2134,#2135,#2136);
#2138=IFCLOCALPLACEMENT(#935,#2137);
#2139=IFCCARTESIANPOINT((0.45000000000000001,0.));
#2140=IFCAXIS2PLACEMENT2D(#2139,$);
#2141=IFCRECTANGLEPROFILEDEF(.AREA.,$,#2140,0.90000000000000002,0.45000000000000001);
#2142=IFCCARTESIANPOINT((0.,0.,0.));
#2143=IFCDIRECTION((0.,0.,1.));
#2144=IFCDIRECTION((1.,0.,0.));
#2145=IFCAXIS2PLACEMENT3D(#2142,#2143,#2144);
#2146=IFCDIRECTION((0.,0.,1.));
#2147=IFCEXTRUDEDAREASOLID(#2141,#2145,#2146,2.5);
#2148=IFCSHAPEREPRESENTATION(#12,'Body','SweptSolid',(#2147));
#2149=IFCPRODUCTDEFINITIONSHAPE($,$,(#2148));
#2150=IFCOPENINGELEMENT('3C4KKnTS5NkQJa1Soku6W1',$,'OP02',$,$,#2138,#2149,'O4',.OPENING.);
#2151=IFCRELVOIDSELEMENT('1rZxz8419SzebObURzIqHo',$,$,$,#951,#2150);
#2152=IFCPROPERTYSINGLEVALUE('id',$,IFCLABEL('OP02'),$);
#2153=IFCPROPERTYSINGLEVALUE('AlongAxis',$,IFCREAL(5.1749999999999998),$);
#2154=IFCPROPERTYSINGLEVALUE('Width',$,IFCREAL(0.90000000000000002),$);
#2155=IFCPROPERTYSINGLEVALUE('Height',$,IFCREAL(2.5),$);
#2156=IFCPROPERTYSINGLEVALUE('SillHeight',$,IFCREAL(0.),$);
#2157=IFCPROPERTYSET('0mo7uaDD1MExJDhuEEicRs',$,'yaml-ifc',$,(#2152,#2153,#2154,#2155,#2156));
#2158=IFCRELDEFINESBYPROPERTIES('0K2mtUAWXQYwtZZwl8LWau',$,$,$,(#2150),#2157);
#2159=IFCCARTESIANPOINT((0.90000000000000002,0.,0.));
#2160=IFCDIRECTION((0.,0.,1.));
#2161=IFCDIRECTION((1.,0.,0.));
#2162=IFCAXIS2PLACEMENT3D(#2159,#2160,#2161);
#2163=IFCLOCALPLACEMENT(#563,#2162);
#2164=IFCCARTESIANPOINT((0.94999999999999996,0.));
#2165=IFCAXIS2PLACEMENT2D(#2164,$);
#2166=IFCRECTANGLEPROFILEDEF(.AREA.,$,#2165,1.8999999999999999,0.125);
#2167=IFCCARTESIANPOINT((0.,0.,0.));
#2168=IFCDIRECTION((0.,0.,1.));
#2169=IFCDIRECTION((1.,0.,0.));
#2170=IFCAXIS2PLACEMENT3D(#2167,#2168,#2169);
#2171=IFCDIRECTION((0.,0.,1.));
#2172=IFCEXTRUDEDAREASOLID(#2166,#2170,#2171,2.1000000000000001);
#2173=IFCSHAPEREPRESENTATION(#12,'Body','SweptSolid',(#2172));
#2174=IFCPRODUCTDEFINITIONSHAPE($,$,(#2173));
#2175=IFCOPENINGELEMENT('35SLa7UaTPghqjf8UyaI40',$,'OP03',$,$,#2163,#2174,$,.OPENING.);
#2176=IFCRELVOIDSELEMENT('1g4tmCtSLU1vV59rlQW3io',$,$,$,#579,#2175);
#2177=IFCPROPERTYSINGLEVALUE('id',$,IFCLABEL('OP03'),$);
#2178=IFCPROPERTYSINGLEVALUE('AlongAxis',$,IFCREAL(0.90000000000000002),$);
#2179=IFCPROPERTYSINGLEVALUE('Width',$,IFCREAL(1.8999999999999999),$);
#2180=IFCPROPERTYSINGLEVALUE('Height',$,IFCREAL(2.1000000000000001),$);
#2181=IFCPROPERTYSINGLEVALUE('SillHeight',$,IFCREAL(0.),$);
#2182=IFCPROPERTYSET('2J0$nLpRXTUuAWxWrYby03',$,'yaml-ifc',$,(#2177,#2178,#2179,#2180,#2181));
#2183=IFCRELDEFINESBYPROPERTIES('2DrTvmcPjN4AbY24pP0IHv',$,$,$,(#2175),#2182);
#2184=IFCCARTESIANPOINT((1.1000000000000001,0.,1.75));
#2185=IFCDIRECTION((0.,0.,1.));
#2186=IFCDIRECTION((1.,0.,0.));
#2187=IFCAXIS2PLACEMENT3D(#2184,#2185,#2186);
#2188=IFCLOCALPLACEMENT(#811,#2187);
#2189=IFCCARTESIANPOINT((0.80000000000000004,0.));
#2190=IFCAXIS2PLACEMENT2D(#2189,$);
#2191=IFCRECTANGLEPROFILEDEF(.AREA.,$,#2190,1.6000000000000001,0.45000000000000001);
#2192=IFCCARTESIANPOINT((0.,0.,0.));
#2193=IFCDIRECTION((0.,0.,1.));
#2194=IFCDIRECTION((1.,0.,0.));
#2195=IFCAXIS2PLACEMENT3D(#2192,#2193,#2194);
#2196=IFCDIRECTION((0.,0.,1.));
#2197=IFCEXTRUDEDAREASOLID(#2191,#2195,#2196,0.75);
#2198=IFCSHAPEREPRESENTATION(#12,'Body','SweptSolid',(#2197));
#2199=IFCPRODUCTDEFINITIONSHAPE($,$,(#2198));
#2200=IFCOPENINGELEMENT('0ON0$Q9FDOA8NLiRXS9839',$,'OP04',$,$,#2188,#2199,'O5',.OPENING.);
#2201=IFCRELVOIDSELEMENT('1ASmZY6p9NMABK4H7XUHvX',$,$,$,#827,#2200);
#2202=IFCPROPERTYSINGLEVALUE('id',$,IFCLABEL('OP04'),$);
#2203=IFCPROPERTYSINGLEVALUE('AlongAxis',$,IFCREAL(1.1000000000000001),$);
#2204=IFCPROPERTYSINGLEVALUE('Width',$,IFCREAL(1.6000000000000001),$);
#2205=IFCPROPERTYSINGLEVALUE('Height',$,IFCREAL(0.75),$);
#2206=IFCPROPERTYSINGLEVALUE('SillHeight',$,IFCREAL(1.75),$);
#2207=IFCPROPERTYSET('38rMULFkfJAAKsxkGsahUh',$,'yaml-ifc',$,(#2202,#2203,#2204,#2205,#2206));
#2208=IFCRELDEFINESBYPROPERTIES('24ZhlfizrO_ObpVC$KCF6E',$,$,$,(#2200),#2207);
#2209=IFCCARTESIANPOINT((1.,0.,0.));
#2210=IFCDIRECTION((0.,0.,1.));
#2211=IFCDIRECTION((1.,0.,0.));
#2212=IFCAXIS2PLACEMENT3D(#2209,#2210,#2211);
#2213=IFCLOCALPLACEMENT(#84,#2212);
#2214=IFCCARTESIANPOINT((1.125,0.));
#2215=IFCAXIS2PLACEMENT2D(#2214,$);
#2216=IFCRECTANGLEPROFILEDEF(.AREA.,$,#2215,2.25,0.375);
#2217=IFCCARTESIANPOINT((0.,0.,0.));
#2218=IFCDIRECTION((0.,0.,1.));
#2219=IFCDIRECTION((1.,0.,0.));
#2220=IFCAXIS2PLACEMENT3D(#2217,#2218,#2219);
#2221=IFCDIRECTION((0.,0.,1.));
#2222=IFCEXTRUDEDAREASOLID(#2216,#2220,#2221,2.5);
#2223=IFCSHAPEREPRESENTATION(#12,'Body','SweptSolid',(#2222));
#2224=IFCPRODUCTDEFINITIONSHAPE($,$,(#2223));
#2225=IFCOPENINGELEMENT('3AQs4GSyrNewe5Fi$6leI9',$,'OP05',$,$,#2213,#2224,'O2',.OPENING.);
#2226=IFCRELVOIDSELEMENT('179Zqdmb5VBRo4o64YT6nb',$,$,$,#100,#2225);
#2227=IFCPROPERTYSINGLEVALUE('id',$,IFCLABEL('OP05'),$);
#2228=IFCPROPERTYSINGLEVALUE('AlongAxis',$,IFCREAL(1.),$);
#2229=IFCPROPERTYSINGLEVALUE('Width',$,IFCREAL(2.25),$);
#2230=IFCPROPERTYSINGLEVALUE('Height',$,IFCREAL(2.5),$);
#2231=IFCPROPERTYSINGLEVALUE('SillHeight',$,IFCREAL(0.),$);
#2232=IFCPROPERTYSET('2N4IgkF9bH7f2iW9iNYEZ0',$,'yaml-ifc',$,(#2227,#2228,#2229,#2230,#2231));
#2233=IFCRELDEFINESBYPROPERTIES('2Vi32y7u1RYBpu$_kUCKzi',$,$,$,(#2225),#2232);
#2234=IFCCARTESIANPOINT((4.2750000000000004,0.,0.));
#2235=IFCDIRECTION((0.,0.,1.));
#2236=IFCDIRECTION((1.,0.,0.));
#2237=IFCAXIS2PLACEMENT3D(#2234,#2235,#2236);
#2238=IFCLOCALPLACEMENT(#563,#2237);
#2239=IFCCARTESIANPOINT((0.40000000000000002,0.));
#2240=IFCAXIS2PLACEMENT2D(#2239,$);
#2241=IFCRECTANGLEPROFILEDEF(.AREA.,$,#2240,0.80000000000000004,0.125);
#2242=IFCCARTESIANPOINT((0.,0.,0.));
#2243=IFCDIRECTION((0.,0.,1.));
#2244=IFCDIRECTION((1.,0.,0.));
#2245=IFCAXIS2PLACEMENT3D(#2242,#2243,#2244);
#2246=IFCDIRECTION((0.,0.,1.));
#2247=IFCEXTRUDEDAREASOLID(#2241,#2245,#2246,2.1000000000000001);
#2248=IFCSHAPEREPRESENTATION(#12,'Body','SweptSolid',(#2247));
#2249=IFCPRODUCTDEFINITIONSHAPE($,$,(#2248));
#2250=IFCOPENINGELEMENT('0gkyXN$FTHnQxCxv5obAt0',$,'OP06',$,$,#2238,#2249,$,.OPENING.);
#2251=IFCRELVOIDSELEMENT('3Ga2_TKkDLARgxnlxb0I_E',$,$,$,#579,#2250);
#2252=IFCPROPERTYSINGLEVALUE('id',$,IFCLABEL('OP06'),$);
#2253=IFCPROPERTYSINGLEVALUE('AlongAxis',$,IFCREAL(4.2750000000000004),$);
#2254=IFCPROPERTYSINGLEVALUE('Width',$,IFCREAL(0.80000000000000004),$);
#2255=IFCPROPERTYSINGLEVALUE('Height',$,IFCREAL(2.1000000000000001),$);
#2256=IFCPROPERTYSINGLEVALUE('SillHeight',$,IFCREAL(0.),$);
#2257=IFCPROPERTYSET('0qkh1WWyLJuB2fjptaWHRW',$,'yaml-ifc',$,(#2252,#2253,#2254,#2255,#2256));
#2258=IFCRELDEFINESBYPROPERTIES('138K1WMjXPJwP1u4x$aUe4',$,$,$,(#2250),#2257);
#2259=IFCCARTESIANPOINT((4.0999999999999996,0.,1.75));
#2260=IFCDIRECTION((0.,0.,1.));
#2261=IFCDIRECTION((1.,0.,0.));
#2262=IFCAXIS2PLACEMENT3D(#2259,#2260,#2261);
#2263=IFCLOCALPLACEMENT(#811,#2262);
#2264=IFCCARTESIANPOINT((0.80000000000000004,0.));
#2265=IFCAXIS2PLACEMENT2D(#2264,$);
#2266=IFCRECTANGLEPROFILEDEF(.AREA.,$,#2265,1.6000000000000001,0.45000000000000001);
#2267=IFCCARTESIANPOINT((0.,0.,0.));
#2268=IFCDIRECTION((0.,0.,1.));
#2269=IFCDIRECTION((1.,0.,0.));
#2270=IFCAXIS2PLACEMENT3D(#2267,#2268,#2269);
#2271=IFCDIRECTION((0.,0.,1.));
#2272=IFCEXTRUDEDAREASOLID(#2266,#2270,#2271,0.75);
#2273=IFCSHAPEREPRESENTATION(#12,'Body','SweptSolid',(#2272));
#2274=IFCPRODUCTDEFINITIONSHAPE($,$,(#2273));
#2275=IFCOPENINGELEMENT('2C7rgjsorN7gBqrX1vbSk0',$,'OP07',$,$,#2263,#2274,'O5',.OPENING.);
#2276=IFCRELVOIDSELEMENT('3Gthw3J9PTiAPBr24yhNcI',$,$,$,#827,#2275);
#2277=IFCPROPERTYSINGLEVALUE('id',$,IFCLABEL('OP07'),$);
#2278=IFCPROPERTYSINGLEVALUE('AlongAxis',$,IFCREAL(4.0999999999999996),$);
#2279=IFCPROPERTYSINGLEVALUE('Width',$,IFCREAL(1.6000000000000001),$);
#2280=IFCPROPERTYSINGLEVALUE('Height',$,IFCREAL(0.75),$);
#2281=IFCPROPERTYSINGLEVALUE('SillHeight',$,IFCREAL(1.75),$);
#2282=IFCPROPERTYSET('144Aai8FvT$gkeSJ$E3vjM',$,'yaml-ifc',$,(#2277,#2278,#2279,#2280,#2281));
#2283=IFCRELDEFINESBYPROPERTIES('3nV6k3hLzIZfTRbHSBjCZA',$,$,$,(#2275),#2282);
#2284=IFCCARTESIANPOINT((4.2000000000000002,0.,0.));
#2285=IFCDIRECTION((0.,0.,1.));
#2286=IFCDIRECTION((1.,0.,0.));
#2287=IFCAXIS2PLACEMENT3D(#2284,#2285,#2286);
#2288=IFCLOCALPLACEMENT(#84,#2287);
#2289=IFCCARTESIANPOINT((1.075,0.));
#2290=IFCAXIS2PLACEMENT2D(#2289,$);
#2291=IFCRECTANGLEPROFILEDEF(.AREA.,$,#2290,2.1499999999999999,0.375);
#2292=IFCCARTESIANPOINT((0.,0.,0.));
#2293=IFCDIRECTION((0.,0.,1.));
#2294=IFCDIRECTION((1.,0.,0.));
#2295=IFCAXIS2PLACEMENT3D(#2292,#2293,#2294);
#2296=IFCDIRECTION((0.,0.,1.));
#2297=IFCEXTRUDEDAREASOLID(#2291,#2295,#2296,2.5);
#2298=IFCSHAPEREPRESENTATION(#12,'Body','SweptSolid',(#2297));
#2299=IFCPRODUCTDEFINITIONSHAPE($,$,(#2298));
#2300=IFCOPENINGELEMENT('1adysSZHzNGuuuC263njkJ',$,'OP08',$,$,#2288,#2299,'O2',.OPENING.);
#2301=IFCRELVOIDSELEMENT('2sLk_P0arGt80PSUaE8QLr',$,$,$,#100,#2300);
#2302=IFCPROPERTYSINGLEVALUE('id',$,IFCLABEL('OP08'),$);
#2303=IFCPROPERTYSINGLEVALUE('AlongAxis',$,IFCREAL(4.2000000000000002),$);
#2304=IFCPROPERTYSINGLEVALUE('Width',$,IFCREAL(2.1499999999999999),$);
#2305=IFCPROPERTYSINGLEVALUE('Height',$,IFCREAL(2.5),$);
#2306=IFCPROPERTYSINGLEVALUE('SillHeight',$,IFCREAL(0.),$);
#2307=IFCPROPERTYSET('1vO0Gw$qXLAO5o$SWxHk3M',$,'yaml-ifc',$,(#2302,#2303,#2304,#2305,#2306));
#2308=IFCRELDEFINESBYPROPERTIES('2F80MaQ_9LVe2oRIRnrwaY',$,$,$,(#2300),#2307);
#2309=IFCCARTESIANPOINT((0.,0.,0.));
#2310=IFCDIRECTION((0.,0.,1.));
#2311=IFCDIRECTION((1.,0.,0.));
#2312=IFCAXIS2PLACEMENT3D(#2309,#2310,#2311);
#2313=IFCLOCALPLACEMENT(#1028,#2312);
#2314=IFCCARTESIANPOINT((0.45000000000000001,0.));
#2315=IFCAXIS2PLACEMENT2D(#2314,$);
#2316=IFCRECTANGLEPROFILEDEF(.AREA.,$,#2315,0.90000000000000002,0.125);
#2317=IFCCARTESIANPOINT((0.,0.,0.));
#2318=IFCDIRECTION((0.,0.,1.));
#2319=IFCDIRECTION((1.,0.,0.));
#2320=IFCAXIS2PLACEMENT3D(#2317,#2318,#2319);
#2321=IFCDIRECTION((0.,0.,1.));
#2322=IFCEXTRUDEDAREASOLID(#2316,#2320,#2321,2.1000000000000001);
#2323=IFCSHAPEREPRESENTATION(#12,'Body','SweptSolid',(#2322));
#2324=IFCPRODUCTDEFINITIONSHAPE($,$,(#2323));
#2325=IFCOPENINGELEMENT('3kf3fGcAbOWAzHloRTt0x9',$,'OP09',$,$,#2313,#2324,$,.OPENING.);
#2326=IFCRELVOIDSELEMENT('1Ht$2BbKnRNeHRiF_QS7PL',$,$,$,#1044,#2325);
#2327=IFCPROPERTYSINGLEVALUE('id',$,IFCLABEL('OP09'),$);
#2328=IFCPROPERTYSINGLEVALUE('AlongAxis',$,IFCREAL(0.),$);
#2329=IFCPROPERTYSINGLEVALUE('Width',$,IFCREAL(0.90000000000000002),$);
#2330=IFCPROPERTYSINGLEVALUE('Height',$,IFCREAL(2.1000000000000001),$);
#2331=IFCPROPERTYSINGLEVALUE('SillHeight',$,IFCREAL(0.),$);
#2332=IFCPROPERTYSET('0uxYHrkJfO8fxawMXKibWc',$,'yaml-ifc',$,(#2327,#2328,#2329,#2330,#2331));
#2333=IFCRELDEFINESBYPROPERTIES('1rASsrjnDRZhi$GkNTNjr1',$,$,$,(#2325),#2332);
#2334=IFCCARTESIANPOINT((1.925,0.,0.));
#2335=IFCDIRECTION((0.,0.,1.));
#2336=IFCDIRECTION((1.,0.,0.));
#2337=IFCAXIS2PLACEMENT3D(#2334,#2335,#2336);
#2338=IFCLOCALPLACEMENT(#425,#2337);
#2339=IFCCARTESIANPOINT((0.45000000000000001,0.));
#2340=IFCAXIS2PLACEMENT2D(#2339,$);
#2341=IFCRECTANGLEPROFILEDEF(.AREA.,$,#2340,0.90000000000000002,0.25);
#2342=IFCCARTESIANPOINT((0.,0.,0.));
#2343=IFCDIRECTION((0.,0.,1.));
#2344=IFCDIRECTION((1.,0.,0.));
#2345=IFCAXIS2PLACEMENT3D(#2342,#2343,#2344);
#2346=IFCDIRECTION((0.,0.,1.));
#2347=IFCEXTRUDEDAREASOLID(#2341,#2345,#2346,2.1000000000000001);
#2348=IFCSHAPEREPRESENTATION(#12,'Body','SweptSolid',(#2347));
#2349=IFCPRODUCTDEFINITIONSHAPE($,$,(#2348));
#2350=IFCOPENINGELEMENT('2PYDOND0fLyvTkhdCAmQE_',$,'OP10',$,$,#2338,#2349,$,.OPENING.);
#2351=IFCRELVOIDSELEMENT('2Nz7rD$8LJwgeGfTPRoiFm',$,$,$,#441,#2350);
#2352=IFCPROPERTYSINGLEVALUE('id',$,IFCLABEL('OP10'),$);
#2353=IFCPROPERTYSINGLEVALUE('AlongAxis',$,IFCREAL(1.925),$);
#2354=IFCPROPERTYSINGLEVALUE('Width',$,IFCREAL(0.90000000000000002),$);
#2355=IFCPROPERTYSINGLEVALUE('Height',$,IFCREAL(2.1000000000000001),$);
#2356=IFCPROPERTYSINGLEVALUE('SillHeight',$,IFCREAL(0.),$);
#2357=IFCPROPERTYSET('2NVEW7_erLNBYUryMRPQtj',$,'yaml-ifc',$,(#2352,#2353,#2354,#2355,#2356));
#2358=IFCRELDEFINESBYPROPERTIES('2Qar0qmKDLJeE3pmvFc_pw',$,$,$,(#2350),#2357);
#2359=IFCCARTESIANPOINT((2.25,0.,0.));
#2360=IFCDIRECTION((0.,0.,1.));
#2361=IFCDIRECTION((1.,0.,0.));
#2362=IFCAXIS2PLACEMENT3D(#2359,#2360,#2361);
#2363=IFCLOCALPLACEMENT(#687,#2362);
#2364=IFCCARTESIANPOINT((0.5,0.));
#2365=IFCAXIS2PLACEMENT2D(#2364,$);
#2366=IFCRECTANGLEPROFILEDEF(.AREA.,$,#2365,1.,0.125);
#2367=IFCCARTESIANPOINT((0.,0.,0.));
#2368=IFCDIRECTION((0.,0.,1.));
#2369=IFCDIRECTION((1.,0.,0.));
#2370=IFCAXIS2PLACEMENT3D(#2367,#2368,#2369);
#2371=IFCDIRECTION((0.,0.,1.));
#2372=IFCEXTRUDEDAREASOLID(#2366,#2370,#2371,2.1000000000000001);
#2373=IFCSHAPEREPRESENTATION(#12,'Body','SweptSolid',(#2372));
#2374=IFCPRODUCTDEFINITIONSHAPE($,$,(#2373));
#2375=IFCOPENINGELEMENT('27OTKEpNDIneBAjRmoaCEX',$,'OP11',$,$,#2363,#2374,$,.OPENING.);
#2376=IFCRELVOIDSELEMENT('1yEXOU23XSuAAbqqwpT3dH',$,$,$,#703,#2375);
#2377=IFCPROPERTYSINGLEVALUE('id',$,IFCLABEL('OP11'),$);
#2378=IFCPROPERTYSINGLEVALUE('AlongAxis',$,IFCREAL(2.25),$);
#2379=IFCPROPERTYSINGLEVALUE('Width',$,IFCREAL(1.),$);
#2380=IFCPROPERTYSINGLEVALUE('Height',$,IFCREAL(2.1000000000000001),$);
#2381=IFCPROPERTYSINGLEVALUE('SillHeight',$,IFCREAL(0.),$);
#2382=IFCPROPERTYSET('3L65ja3oTIPOyUc3CKQshE',$,'yaml-ifc',$,(#2377,#2378,#2379,#2380,#2381));
#2383=IFCRELDEFINESBYPROPERTIES('0KStmxT8nRsOBoS9SmAQfs',$,$,$,(#2375),#2382);
#2384=IFCCARTESIANPOINT((7.6500000000000004,0.,1.75));
#2385=IFCDIRECTION((0.,0.,1.));
#2386=IFCDIRECTION((1.,0.,0.));
#2387=IFCAXIS2PLACEMENT3D(#2384,#2385,#2386);
#2388=IFCLOCALPLACEMENT(#811,#2387);
#2389=IFCCARTESIANPOINT((0.45000000000000001,0.));
#2390=IFCAXIS2PLACEMENT2D(#2389,$);
#2391=IFCRECTANGLEPROFILEDEF(.AREA.,$,#2390,0.90000000000000002,0.45000000000000001);
#2392=IFCCARTESIANPOINT((0.,0.,0.));
#2393=IFCDIRECTION((0.,0.,1.));
#2394=IFCDIRECTION((1.,0.,0.));
#2395=IFCAXIS2PLACEMENT3D(#2392,#2393,#2394);
#2396=IFCDIRECTION((0.,0.,1.));
#2397=IFCEXTRUDEDAREASOLID(#2391,#2395,#2396,0.75);
#2398=IFCSHAPEREPRESENTATION(#12,'Body','SweptSolid',(#2397));
#2399=IFCPRODUCTDEFINITIONSHAPE($,$,(#2398));
#2400=IFCOPENINGELEMENT('1Q3OOyX15VjBgz1jOO$Sfd',$,'OP12',$,$,#2388,#2399,'O6',.OPENING.);
#2401=IFCRELVOIDSELEMENT('1GIawGE9LNrxFPH3egSjlt',$,$,$,#827,#2400);
#2402=IFCPROPERTYSINGLEVALUE('id',$,IFCLABEL('OP12'),$);
#2403=IFCPROPERTYSINGLEVALUE('AlongAxis',$,IFCREAL(7.6500000000000004),$);
#2404=IFCPROPERTYSINGLEVALUE('Width',$,IFCREAL(0.90000000000000002),$);
#2405=IFCPROPERTYSINGLEVALUE('Height',$,IFCREAL(0.75),$);
#2406=IFCPROPERTYSINGLEVALUE('SillHeight',$,IFCREAL(1.75),$);
#2407=IFCPROPERTYSET('3oIbAT2JDRke1J7Cvbjtho',$,'yaml-ifc',$,(#2402,#2403,#2404,#2405,#2406));
#2408=IFCRELDEFINESBYPROPERTIES('3OLOA_dFvU3h3dq2dss4C1',$,$,$,(#2400),#2407);
#2409=IFCCARTESIANPOINT((7.2999999999999998,0.,0.));
#2410=IFCDIRECTION((0.,0.,1.));
#2411=IFCDIRECTION((1.,0.,0.));
#2412=IFCAXIS2PLACEMENT3D(#2409,#2410,#2411);
#2413=IFCLOCALPLACEMENT(#84,#2412);
#2414=IFCCARTESIANPOINT((1.075,0.));
#2415=IFCAXIS2PLACEMENT2D(#2414,$);
#2416=IFCRECTANGLEPROFILEDEF(.AREA.,$,#2415,2.1499999999999999,0.375);
#2417=IFCCARTESIANPOINT((0.,0.,0.));
#2418=IFCDIRECTION((0.,0.,1.));
#2419=IFCDIRECTION((1.,0.,0.));
#2420=IFCAXIS2PLACEMENT3D(#2417,#2418,#2419);
#2421=IFCDIRECTION((0.,0.,1.));
#2422=IFCEXTRUDEDAREASOLID(#2416,#2420,#2421,2.5);
#2423=IFCSHAPEREPRESENTATION(#12,'Body','SweptSolid',(#2422));
#2424=IFCPRODUCTDEFINITIONSHAPE($,$,(#2423));
#2425=IFCOPENINGELEMENT('2Zi4qxtFrH1vo7fUQjw68w',$,'OP13',$,$,#2413,#2424,'O2',.OPENING.);
#2426=IFCRELVOIDSELEMENT('0rra9Zv4rI7xjLdtkTJKy_',$,$,$,#100,#2425);
#2427=IFCPROPERTYSINGLEVALUE('id',$,IFCLABEL('OP13'),$);
#2428=IFCPROPERTYSINGLEVALUE('AlongAxis',$,IFCREAL(7.2999999999999998),$);
#2429=IFCPROPERTYSINGLEVALUE('Width',$,IFCREAL(2.1499999999999999),$);
#2430=IFCPROPERTYSINGLEVALUE('Height',$,IFCREAL(2.5),$);
#2431=IFCPROPERTYSINGLEVALUE('SillHeight',$,IFCREAL(0.),$);
#2432=IFCPROPERTYSET('3Hvyu$io1Q3RK71KW9BfYF',$,'yaml-ifc',$,(#2427,#2428,#2429,#2430,#2431));
#2433=IFCRELDEFINESBYPROPERTIES('1J5nnJ_KvTuQ$Wyd3sgdeg',$,$,$,(#2425),#2432);
#2434=IFCCARTESIANPOINT((5.0250000000000004,0.,0.));
#2435=IFCDIRECTION((0.,0.,1.));
#2436=IFCDIRECTION((1.,0.,0.));
#2437=IFCAXIS2PLACEMENT3D(#2434,#2435,#2436);
#2438=IFCLOCALPLACEMENT(#425,#2437);
#2439=IFCCARTESIANPOINT((0.45000000000000001,0.));
#2440=IFCAXIS2PLACEMENT2D(#2439,$);
#2441=IFCRECTANGLEPROFILEDEF(.AREA.,$,#2440,0.90000000000000002,0.25);
#2442=IFCCARTESIANPOINT((0.,0.,0.));
#2443=IFCDIRECTION((0.,0.,1.));
#2444=IFCDIRECTION((1.,0.,0.));
#2445=IFCAXIS2PLACEMENT3D(#2442,#2443,#2444);
#2446=IFCDIRECTION((0.,0.,1.));
#2447=IFCEXTRUDEDAREASOLID(#2441,#2445,#2446,2.1000000000000001);
#2448=IFCSHAPEREPRESENTATION(#12,'Body','SweptSolid',(#2447));
#2449=IFCPRODUCTDEFINITIONSHAPE($,$,(#2448));
#2450=IFCOPENINGELEMENT('0MwwqYPUfQ_hokAwQU_Ab6',$,'OP14',$,$,#2438,#2449,$,.OPENING.);
#2451=IFCRELVOIDSELEMENT('1iQnKRsNrVj8L58hM9p0$K',$,$,$,#441,#2450);
#2452=IFCPROPERTYSINGLEVALUE('id',$,IFCLABEL('OP14'),$);
#2453=IFCPROPERTYSINGLEVALUE('AlongAxis',$,IFCREAL(5.0250000000000004),$);
#2454=IFCPROPERTYSINGLEVALUE('Width',$,IFCREAL(0.90000000000000002),$);
#2455=IFCPROPERTYSINGLEVALUE('Height',$,IFCREAL(2.1000000000000001),$);
#2456=IFCPROPERTYSINGLEVALUE('SillHeight',$,IFCREAL(0.),$);
#2457=IFCPROPERTYSET('2KHPMIPzbQyxlIf1Ud1jlF',$,'yaml-ifc',$,(#2452,#2453,#2454,#2455,#2456));
#2458=IFCRELDEFINESBYPROPERTIES('0KeuKAHEjR3u84l0THJldV',$,$,$,(#2450),#2457);
#2459=IFCCARTESIANPOINT((9.5,0.,1.75));
#2460=IFCDIRECTION((0.,0.,1.));
#2461=IFCDIRECTION((1.,0.,0.));
#2462=IFCAXIS2PLACEMENT3D(#2459,#2460,#2461);
#2463=IFCLOCALPLACEMENT(#811,#2462);
#2464=IFCCARTESIANPOINT((1.45,0.));
#2465=IFCAXIS2PLACEMENT2D(#2464,$);
#2466=IFCRECTANGLEPROFILEDEF(.AREA.,$,#2465,2.8999999999999999,0.45000000000000001);
#2467=IFCCARTESIANPOINT((0.,0.,0.));
#2468=IFCDIRECTION((0.,0.,1.));
#2469=IFCDIRECTION((1.,0.,0.));
#2470=IFCAXIS2PLACEMENT3D(#2467,#2468,#2469);
#2471=IFCDIRECTION((0.,0.,1.));
#2472=IFCEXTRUDEDAREASOLID(#2466,#2470,#2471,0.75);
#2473=IFCSHAPEREPRESENTATION(#12,'Body','SweptSolid',(#2472));
#2474=IFCPRODUCTDEFINITIONSHAPE($,$,(#2473));
#2475=IFCOPENINGELEMENT('1MVw43fEPQifi1hIJcVB3m',$,'OP15',$,$,#2463,#2474,'O7',.OPENING.);
#2476=IFCRELVOIDSELEMENT('0kH_FdHJnHpfgPH4WcHvtl',$,$,$,#827,#2475);
#2477=IFCPROPERTYSINGLEVALUE('id',$,IFCLABEL('OP15'),$);
#2478=IFCPROPERTYSINGLEVALUE('AlongAxis',$,IFCREAL(9.5),$);
#2479=IFCPROPERTYSINGLEVALUE('Width',$,IFCREAL(2.8999999999999999),$);
#2480=IFCPROPERTYSINGLEVALUE('Height',$,IFCREAL(0.75),$);
#2481=IFCPROPERTYSINGLEVALUE('SillHeight',$,IFCREAL(1.75),$);
#2482=IFCPROPERTYSET('2QeA0Pds9Nmxg0cimYHVzl',$,'yaml-ifc',$,(#2477,#2478,#2479,#2480,#2481));
#2483=IFCRELDEFINESBYPROPERTIES('1asUHtiBDG9ARiWy5QxO5B',$,$,$,(#2475),#2482);
#2484=IFCCARTESIANPOINT((10.4,0.,0.));
#2485=IFCDIRECTION((0.,0.,1.));
#2486=IFCDIRECTION((1.,0.,0.));
#2487=IFCAXIS2PLACEMENT3D(#2484,#2485,#2486);
#2488=IFCLOCALPLACEMENT(#84,#2487);
#2489=IFCCARTESIANPOINT((1.075,0.));
#2490=IFCAXIS2PLACEMENT2D(#2489,$);
#2491=IFCRECTANGLEPROFILEDEF(.AREA.,$,#2490,2.1499999999999999,0.375);
#2492=IFCCARTESIANPOINT((0.,0.,0.));
#2493=IFCDIRECTION((0.,0.,1.));
#2494=IFCDIRECTION((1.,0.,0.));
#2495=IFCAXIS2PLACEMENT3D(#2492,#2493,#2494);
#2496=IFCDIRECTION((0.,0.,1.));
#2497=IFCEXTRUDEDAREASOLID(#2491,#2495,#2496,2.5);
#2498=IFCSHAPEREPRESENTATION(#12,'Body','SweptSolid',(#2497));
#2499=IFCPRODUCTDEFINITIONSHAPE($,$,(#2498));
#2500=IFCOPENINGELEMENT('2mVrlaETfOgexejZQ3jVZL',$,'OP16',$,$,#2488,#2499,'O2',.OPENING.);
#2501=IFCRELVOIDSELEMENT('1jsVeBGUfPZvJsCOJ0ZCbg',$,$,$,#100,#2500);
#2502=IFCPROPERTYSINGLEVALUE('id',$,IFCLABEL('OP16'),$);
#2503=IFCPROPERTYSINGLEVALUE('AlongAxis',$,IFCREAL(10.4),$);
#2504=IFCPROPERTYSINGLEVALUE('Width',$,IFCREAL(2.1499999999999999),$);
#2505=IFCPROPERTYSINGLEVALUE('Height',$,IFCREAL(2.5),$);
#2506=IFCPROPERTYSINGLEVALUE('SillHeight',$,IFCREAL(0.),$);
#2507=IFCPROPERTYSET('0UfoXxtxHTx82BVu5FfQFn',$,'yaml-ifc',$,(#2502,#2503,#2504,#2505,#2506));
#2508=IFCRELDEFINESBYPROPERTIES('0hIwEVTQXU6u3esmQ1ISIe',$,$,$,(#2500),#2507);
#2509=IFCCARTESIANPOINT((5.75,0.,0.));
#2510=IFCDIRECTION((0.,0.,1.));
#2511=IFCDIRECTION((1.,0.,0.));
#2512=IFCAXIS2PLACEMENT3D(#2509,#2510,#2511);
#2513=IFCLOCALPLACEMENT(#687,#2512);
#2514=IFCCARTESIANPOINT((0.5,0.));
#2515=IFCAXIS2PLACEMENT2D(#2514,$);
#2516=IFCRECTANGLEPROFILEDEF(.AREA.,$,#2515,1.,0.125);
#2517=IFCCARTESIANPOINT((0.,0.,0.));
#2518=IFCDIRECTION((0.,0.,1.));
#2519=IFCDIRECTION((1.,0.,0.));
#2520=IFCAXIS2PLACEMENT3D(#2517,#2518,#2519);
#2521=IFCDIRECTION((0.,0.,1.));
#2522=IFCEXTRUDEDAREASOLID(#2516,#2520,#2521,2.1000000000000001);
#2523=IFCSHAPEREPRESENTATION(#12,'Body','SweptSolid',(#2522));
#2524=IFCPRODUCTDEFINITIONSHAPE($,$,(#2523));
#2525=IFCOPENINGELEMENT('0Ty_YAM0PHw8omj8ORa4N5',$,'OP17',$,$,#2513,#2524,$,.OPENING.);
#2526=IFCRELVOIDSELEMENT('1MzjAP9FPPPOJUr6D3EJDO',$,$,$,#703,#2525);
#2527=IFCPROPERTYSINGLEVALUE('id',$,IFCLABEL('OP17'),$);
#2528=IFCPROPERTYSINGLEVALUE('AlongAxis',$,IFCREAL(5.75),$);
#2529=IFCPROPERTYSINGLEVALUE('Width',$,IFCREAL(1.),$);
#2530=IFCPROPERTYSINGLEVALUE('Height',$,IFCREAL(2.1000000000000001),$);
#2531=IFCPROPERTYSINGLEVALUE('SillHeight',$,IFCREAL(0.),$);
#2532=IFCPROPERTYSET('0x$tYHcuTMbBZxEyRuLk21',$,'yaml-ifc',$,(#2527,#2528,#2529,#2530,#2531));
#2533=IFCRELDEFINESBYPROPERTIES('20SbKCZSvTEew4nAuLogsx',$,$,$,(#2525),#2532);
#2534=IFCCARTESIANPOINT((8.125,0.,0.));
#2535=IFCDIRECTION((0.,0.,1.));
#2536=IFCDIRECTION((1.,0.,0.));
#2537=IFCAXIS2PLACEMENT3D(#2534,#2535,#2536);
#2538=IFCLOCALPLACEMENT(#425,#2537);
#2539=IFCCARTESIANPOINT((0.45000000000000001,0.));
#2540=IFCAXIS2PLACEMENT2D(#2539,$);
#2541=IFCRECTANGLEPROFILEDEF(.AREA.,$,#2540,0.90000000000000002,0.25);
#2542=IFCCARTESIANPOINT((0.,0.,0.));
#2543=IFCDIRECTION((0.,0.,1.));
#2544=IFCDIRECTION((1.,0.,0.));
#2545=IFCAXIS2PLACEMENT3D(#2542,#2543,#2544);
#2546=IFCDIRECTION((0.,0.,1.));
#2547=IFCEXTRUDEDAREASOLID(#2541,#2545,#2546,2.1000000000000001);
#2548=IFCSHAPEREPRESENTATION(#12,'Body','SweptSolid',(#2547));
#2549=IFCPRODUCTDEFINITIONSHAPE($,$,(#2548));
#2550=IFCOPENINGELEMENT('09vw8jbO5U6Pz1wytSAdqv',$,'OP18',$,$,#2538,#2549,$,.OPENING.);
#2551=IFCRELVOIDSELEMENT('2JSULVEQ1GCRRVSUdVDO$n',$,$,$,#441,#2550);
#2552=IFCPROPERTYSINGLEVALUE('id',$,IFCLABEL('OP18'),$);
#2553=IFCPROPERTYSINGLEVALUE('AlongAxis',$,IFCREAL(8.125),$);
#2554=IFCPROPERTYSINGLEVALUE('Width',$,IFCREAL(0.90000000000000002),$);
#2555=IFCPROPERTYSINGLEVALUE('Height',$,IFCREAL(2.1000000000000001),$);
#2556=IFCPROPERTYSINGLEVALUE('SillHeight',$,IFCREAL(0.),$);
#2557=IFCPROPERTYSET('0T5bzK_5fVcOeKIEDYUoIx',$,'yaml-ifc',$,(#2552,#2553,#2554,#2555,#2556));
#2558=IFCRELDEFINESBYPROPERTIES('2O9YwkqYrVeQPA7VrNnBdj',$,$,$,(#2550),#2557);
#2559=IFCCARTESIANPOINT((0.125,0.,0.));
#2560=IFCDIRECTION((0.,0.,1.));
#2561=IFCDIRECTION((1.,0.,0.));
#2562=IFCAXIS2PLACEMENT3D(#2559,#2560,#2561);
#2563=IFCLOCALPLACEMENT(#549,#2562);
#2564=IFCCARTESIANPOINT((0.57499999999999996,0.));
#2565=IFCAXIS2PLACEMENT2D(#2564,$);
#2566=IFCRECTANGLEPROFILEDEF(.AREA.,$,#2565,1.1499999999999999,0.20000000000000001);
#2567=IFCCARTESIANPOINT((0.,0.,0.));
#2568=IFCDIRECTION((0.,0.,1.));
#2569=IFCDIRECTION((1.,0.,0.));
#2570=IFCAXIS2PLACEMENT3D(#2567,#2568,#2569);
#2571=IFCDIRECTION((0.,0.,1.));
#2572=IFCEXTRUDEDAREASOLID(#2566,#2570,#2571,2.1000000000000001);
#2573=IFCSHAPEREPRESENTATION(#12,'Body','SweptSolid',(#2572));
#2574=IFCPRODUCTDEFINITIONSHAPE($,$,(#2573));
#2575=IFCOPENINGELEMENT('0l6wqba1nPhArWCaA84tTw',$,'OP19',$,$,#2563,#2574,$,.OPENING.);
#2576=IFCRELVOIDSELEMENT('0cuM8q5M9GcxgmYBh7DSZm',$,$,$,#555,#2575);
#2577=IFCPROPERTYSINGLEVALUE('id',$,IFCLABEL('OP19'),$);
#2578=IFCPROPERTYSINGLEVALUE('AlongAxis',$,IFCREAL(0.125),$);
#2579=IFCPROPERTYSINGLEVALUE('Width',$,IFCREAL(1.1499999999999999),$);
#2580=IFCPROPERTYSINGLEVALUE('Height',$,IFCREAL(2.1000000000000001),$);
#2581=IFCPROPERTYSINGLEVALUE('SillHeight',$,IFCREAL(0.),$);
#2582=IFCPROPERTYSINGLEVALUE('DepthDefaulted',$,IFCBOOLEAN(.T.),$);
#2583=IFCPROPERTYSET('1QzwS_qTrQkAe9UDpxx8Gy',$,'yaml-ifc',$,(#2577,#2578,#2579,#2580,#2581,#2582));
#2584=IFCRELDEFINESBYPROPERTIES('1JEHXPpSzINeHlpvX9f4Ec',$,$,$,(#2575),#2583);
#2585=IFCCARTESIANPOINT((1.2,0.,0.));
#2586=IFCDIRECTION((0.,0.,1.));
#2587=IFCDIRECTION((1.,0.,0.));
#2588=IFCAXIS2PLACEMENT3D(#2585,#2586,#2587);
#2589=IFCLOCALPLACEMENT(#1462,#2588);
#2590=IFCCARTESIANPOINT((0.45000000000000001,0.));
#2591=IFCAXIS2PLACEMENT2D(#2590,$);
#2592=IFCRECTANGLEPROFILEDEF(.AREA.,$,#2591,0.90000000000000002,0.45000000000000001);
#2593=IFCCARTESIANPOINT((0.,0.,0.));
#2594=IFCDIRECTION((0.,0.,1.));
#2595=IFCDIRECTION((1.,0.,0.));
#2596=IFCAXIS2PLACEMENT3D(#2593,#2594,#2595);
#2597=IFCDIRECTION((0.,0.,1.));
#2598=IFCEXTRUDEDAREASOLID(#2592,#2596,#2597,2.1499999999999999);
#2599=IFCSHAPEREPRESENTATION(#12,'Body','SweptSolid',(#2598));
#2600=IFCPRODUCTDEFINITIONSHAPE($,$,(#2599));
#2601=IFCOPENINGELEMENT('2Dw4vwuVnT0Qqiv7E$vYNE',$,'OP20',$,$,#2589,#2600,'D2',.OPENING.);
#2602=IFCRELVOIDSELEMENT('2P3w3l4O9M_fgy1IunstTU',$,$,$,#1478,#2601);
#2603=IFCPROPERTYSINGLEVALUE('id',$,IFCLABEL('OP20'),$);
#2604=IFCPROPERTYSINGLEVALUE('AlongAxis',$,IFCREAL(1.2),$);
#2605=IFCPROPERTYSINGLEVALUE('Width',$,IFCREAL(0.90000000000000002),$);
#2606=IFCPROPERTYSINGLEVALUE('Height',$,IFCREAL(2.1499999999999999),$);
#2607=IFCPROPERTYSINGLEVALUE('SillHeight',$,IFCREAL(0.),$);
#2608=IFCPROPERTYSET('0do$1qiq1K4gxlxq6pVWeE',$,'yaml-ifc',$,(#2603,#2604,#2605,#2606,#2607));
#2609=IFCRELDEFINESBYPROPERTIES('1d9yccu25SZ8bLaANSe2Uo',$,$,$,(#2601),#2608);
#2610=IFCCARTESIANPOINT((13.5,0.,0.));
#2611=IFCDIRECTION((0.,0.,1.));
#2612=IFCDIRECTION((1.,0.,0.));
#2613=IFCAXIS2PLACEMENT3D(#2610,#2611,#2612);
#2614=IFCLOCALPLACEMENT(#84,#2613);
#2615=IFCCARTESIANPOINT((1.7749999999999999,0.));
#2616=IFCAXIS2PLACEMENT2D(#2615,$);
#2617=IFCRECTANGLEPROFILEDEF(.AREA.,$,#2616,3.5499999999999998,0.375);
#2618=IFCCARTESIANPOINT((0.,0.,0.));
#2619=IFCDIRECTION((0.,0.,1.));
#2620=IFCDIRECTION((1.,0.,0.));
#2621=IFCAXIS2PLACEMENT3D(#2618,#2619,#2620);
#2622=IFCDIRECTION((0.,0.,1.));
#2623=IFCEXTRUDEDAREASOLID(#2617,#2621,#2622,2.5);
#2624=IFCSHAPEREPRESENTATION(#12,'Body','SweptSolid',(#2623));
#2625=IFCPRODUCTDEFINITIONSHAPE($,$,(#2624));
#2626=IFCOPENINGELEMENT('3DtpACH6PTWx6JR_OsWLf2',$,'OP21',$,$,#2614,#2625,'O1',.OPENING.);
#2627=IFCRELVOIDSELEMENT('2lpKMrAdHRyB79J7ctVbvJ',$,$,$,#100,#2626);
#2628=IFCPROPERTYSINGLEVALUE('id',$,IFCLABEL('OP21'),$);
#2629=IFCPROPERTYSINGLEVALUE('AlongAxis',$,IFCREAL(13.5),$);
#2630=IFCPROPERTYSINGLEVALUE('Width',$,IFCREAL(3.5499999999999998),$);
#2631=IFCPROPERTYSINGLEVALUE('Height',$,IFCREAL(2.5),$);
#2632=IFCPROPERTYSINGLEVALUE('SillHeight',$,IFCREAL(0.),$);
#2633=IFCPROPERTYSET('20sttgraLIM8IKtow7koJQ',$,'yaml-ifc',$,(#2628,#2629,#2630,#2631,#2632));
#2634=IFCRELDEFINESBYPROPERTIES('3JYAvtkaDJ2wiOfBzRrVFH',$,$,$,(#2626),#2633);
#2635=IFCCARTESIANPOINT((12.375,0.,0.));
#2636=IFCDIRECTION((0.,0.,1.));
#2637=IFCDIRECTION((1.,0.,0.));
#2638=IFCAXIS2PLACEMENT3D(#2635,#2636,#2637);
#2639=IFCLOCALPLACEMENT(#425,#2638);
#2640=IFCCARTESIANPOINT((0.45000000000000001,0.));
#2641=IFCAXIS2PLACEMENT2D(#2640,$);
#2642=IFCRECTANGLEPROFILEDEF(.AREA.,$,#2641,0.90000000000000002,0.25);
#2643=IFCCARTESIANPOINT((0.,0.,0.));
#2644=IFCDIRECTION((0.,0.,1.));
#2645=IFCDIRECTION((1.,0.,0.));
#2646=IFCAXIS2PLACEMENT3D(#2643,#2644,#2645);
#2647=IFCDIRECTION((0.,0.,1.));
#2648=IFCEXTRUDEDAREASOLID(#2642,#2646,#2647,2.1000000000000001);
#2649=IFCSHAPEREPRESENTATION(#12,'Body','SweptSolid',(#2648));
#2650=IFCPRODUCTDEFINITIONSHAPE($,$,(#2649));
#2651=IFCOPENINGELEMENT('0nTyYYDnjIkx1a7ahScLgA',$,'OP22',$,$,#2639,#2650,$,.OPENING.);
#2652=IFCRELVOIDSELEMENT('1ha8DhE2XRbwZ5wzzBKtEA',$,$,$,#441,#2651);
#2653=IFCPROPERTYSINGLEVALUE('id',$,IFCLABEL('OP22'),$);
#2654=IFCPROPERTYSINGLEVALUE('AlongAxis',$,IFCREAL(12.375),$);
#2655=IFCPROPERTYSINGLEVALUE('Width',$,IFCREAL(0.90000000000000002),$);
#2656=IFCPROPERTYSINGLEVALUE('Height',$,IFCREAL(2.1000000000000001),$);
#2657=IFCPROPERTYSINGLEVALUE('SillHeight',$,IFCREAL(0.),$);
#2658=IFCPROPERTYSET('3_zuzB$ObQ_8qZbWMYEB8d',$,'yaml-ifc',$,(#2653,#2654,#2655,#2656,#2657));
#2659=IFCRELDEFINESBYPROPERTIES('3FVQGneYrNtuTX7VI_4FY5',$,$,$,(#2651),#2658);
#2660=IFCCARTESIANPOINT((1.8,0.,0.));
#2661=IFCDIRECTION((0.,0.,1.));
#2662=IFCDIRECTION((1.,0.,0.));
#2663=IFCAXIS2PLACEMENT3D(#2660,#2661,#2662);
#2664=IFCLOCALPLACEMENT(#749,#2663);
#2665=IFCCARTESIANPOINT((0.45000000000000001,0.));
#2666=IFCAXIS2PLACEMENT2D(#2665,$);
#2667=IFCRECTANGLEPROFILEDEF(.AREA.,$,#2666,0.90000000000000002,0.125);
#2668=IFCCARTESIANPOINT((0.,0.,0.));
#2669=IFCDIRECTION((0.,0.,1.));
#2670=IFCDIRECTION((1.,0.,0.));
#2671=IFCAXIS2PLACEMENT3D(#2668,#2669,#2670);
#2672=IFCDIRECTION((0.,0.,1.));
#2673=IFCEXTRUDEDAREASOLID(#2667,#2671,#2672,2.1000000000000001);
#2674=IFCSHAPEREPRESENTATION(#12,'Body','SweptSolid',(#2673));
#2675=IFCPRODUCTDEFINITIONSHAPE($,$,(#2674));
#2676=IFCOPENINGELEMENT('0KOvhZuC5UoQRWnRp4_7Vm',$,'OP23',$,$,#2664,#2675,$,.OPENING.);
#2677=IFCRELVOIDSELEMENT('1JvD1Saf1Pxh7Tv4yeowZV',$,$,$,#765,#2676);
#2678=IFCPROPERTYSINGLEVALUE('id',$,IFCLABEL('OP23'),$);
#2679=IFCPROPERTYSINGLEVALUE('AlongAxis',$,IFCREAL(1.8),$);
#2680=IFCPROPERTYSINGLEVALUE('Width',$,IFCREAL(0.90000000000000002),$);
#2681=IFCPROPERTYSINGLEVALUE('Height',$,IFCREAL(2.1000000000000001),$);
#2682=IFCPROPERTYSINGLEVALUE('SillHeight',$,IFCREAL(0.),$);
#2683=IFCPROPERTYSET('0QYMaEdDrLFvMLM0DSwQeX',$,'yaml-ifc',$,(#2678,#2679,#2680,#2681,#2682));
#2684=IFCRELDEFINESBYPROPERTIES('1GYlFFaA1HdQgl$kfgH8IX',$,$,$,(#2676),#2683);
#2685=IFCCARTESIANPOINT((0.,0.,0.));
#2686=IFCDIRECTION((0.,0.,1.));
#2687=IFCDIRECTION((1.,0.,0.));
#2688=IFCAXIS2PLACEMENT3D(#2685,#2686,#2687);
#2689=IFCLOCALPLACEMENT(#1555,#2688);
#2690=IFCCARTESIANPOINT((0.55000000000000004,0.));
#2691=IFCAXIS2PLACEMENT2D(#2690,$);
#2692=IFCRECTANGLEPROFILEDEF(.AREA.,$,#2691,1.1000000000000001,0.25);
#2693=IFCCARTESIANPOINT((0.,0.,0.));
#2694=IFCDIRECTION((0.,0.,1.));
#2695=IFCDIRECTION((1.,0.,0.));
#2696=IFCAXIS2PLACEMENT3D(#2693,#2694,#2695);
#2697=IFCDIRECTION((0.,0.,1.));
#2698=IFCEXTRUDEDAREASOLID(#2692,#2696,#2697,2.4500000000000002);
#2699=IFCSHAPEREPRESENTATION(#12,'Body','SweptSolid',(#2698));
#2700=IFCPRODUCTDEFINITIONSHAPE($,$,(#2699));
#2701=IFCOPENINGELEMENT('14d3hakH1VBgev1Y4YpoDG',$,'OP24',$,$,#2689,#2700,$,.OPENING.);
#2702=IFCRELVOIDSELEMENT('0d7hGbKsTJXv$pGiYXGj9Z',$,$,$,#1571,#2701);
#2703=IFCPROPERTYSINGLEVALUE('id',$,IFCLABEL('OP24'),$);
#2704=IFCPROPERTYSINGLEVALUE('AlongAxis',$,IFCREAL(0.),$);
#2705=IFCPROPERTYSINGLEVALUE('Width',$,IFCREAL(1.1000000000000001),$);
#2706=IFCPROPERTYSINGLEVALUE('Height',$,IFCREAL(2.4500000000000002),$);
#2707=IFCPROPERTYSINGLEVALUE('SillHeight',$,IFCREAL(0.),$);
#2708=IFCPROPERTYSET('2zPOpo579IXR$4PlfDZKzD',$,'yaml-ifc',$,(#2703,#2704,#2705,#2706,#2707));
#2709=IFCRELDEFINESBYPROPERTIES('2KKuArknjPpBWtLX9faZXk',$,$,$,(#2701),#2708);
#2710=IFCCARTESIANPOINT((3.6000000000000001,0.,0.));
#2711=IFCDIRECTION((0.,0.,1.));
#2712=IFCDIRECTION((1.,0.,0.));
#2713=IFCAXIS2PLACEMENT3D(#2710,#2711,#2712);
#2714=IFCLOCALPLACEMENT(#1555,#2713);
#2715=IFCCARTESIANPOINT((0.55000000000000004,0.));
#2716=IFCAXIS2PLACEMENT2D(#2715,$);
#2717=IFCRECTANGLEPROFILEDEF(.AREA.,$,#2716,1.1000000000000001,0.25);
#2718=IFCCARTESIANPOINT((0.,0.,0.));
#2719=IFCDIRECTION((0.,0.,1.));
#2720=IFCDIRECTION((1.,0.,0.));
#2721=IFCAXIS2PLACEMENT3D(#2718,#2719,#2720);
#2722=IFCDIRECTION((0.,0.,1.));
#2723=IFCEXTRUDEDAREASOLID(#2717,#2721,#2722,2.4500000000000002);
#2724=IFCSHAPEREPRESENTATION(#12,'Body','SweptSolid',(#2723));
#2725=IFCPRODUCTDEFINITIONSHAPE($,$,(#2724));
#2726=IFCOPENINGELEMENT('0VfXcWYRbNevIKbPAiSGO5',$,'OP25',$,$,#2714,#2725,$,.OPENING.);
#2727=IFCRELVOIDSELEMENT('0lnt$hJqjIAx$9wpSyOo00',$,$,$,#1571,#2726);
#2728=IFCPROPERTYSINGLEVALUE('id',$,IFCLABEL('OP25'),$);
#2729=IFCPROPERTYSINGLEVALUE('AlongAxis',$,IFCREAL(3.6000000000000001),$);
#2730=IFCPROPERTYSINGLEVALUE('Width',$,IFCREAL(1.1000000000000001),$);
#2731=IFCPROPERTYSINGLEVALUE('Height',$,IFCREAL(2.4500000000000002),$);
#2732=IFCPROPERTYSINGLEVALUE('SillHeight',$,IFCREAL(0.),$);
#2733=IFCPROPERTYSET('3uGxbrll1MkvXTtutzsFzh',$,'yaml-ifc',$,(#2728,#2729,#2730,#2731,#2732));
#2734=IFCRELDEFINESBYPROPERTIES('0XTlObuYXM5ODCzH7LwoGk',$,$,$,(#2726),#2733);
#2735=IFCCARTESIANPOINT((0.29999999999999999,0.,0.));
#2736=IFCDIRECTION((0.,0.,1.));
#2737=IFCDIRECTION((1.,0.,0.));
#2738=IFCAXIS2PLACEMENT3D(#2735,#2736,#2737);
#2739=IFCLOCALPLACEMENT(#1586,#2738);
#2740=IFCCARTESIANPOINT((0.57499999999999996,0.));
#2741=IFCAXIS2PLACEMENT2D(#2740,$);
#2742=IFCRECTANGLEPROFILEDEF(.AREA.,$,#2741,1.1499999999999999,0.45000000000000001);
#2743=IFCCARTESIANPOINT((0.,0.,0.));
#2744=IFCDIRECTION((0.,0.,1.));
#2745=IFCDIRECTION((1.,0.,0.));
#2746=IFCAXIS2PLACEMENT3D(#2743,#2744,#2745);
#2747=IFCDIRECTION((0.,0.,1.));
#2748=IFCEXTRUDEDAREASOLID(#2742,#2746,#2747,2.5);
#2749=IFCSHAPEREPRESENTATION(#12,'Body','SweptSolid',(#2748));
#2750=IFCPRODUCTDEFINITIONSHAPE($,$,(#2749));
#2751=IFCOPENINGELEMENT('3QSPRRZojT4PdkbVzb5ME3',$,'OP26',$,$,#2739,#2750,$,.OPENING.);
#2752=IFCRELVOIDSELEMENT('3xtREQD8bRyPGXhLwJqmx$',$,$,$,#1602,#2751);
#2753=IFCPROPERTYSINGLEVALUE('id',$,IFCLABEL('OP26'),$);
#2754=IFCPROPERTYSINGLEVALUE('AlongAxis',$,IFCREAL(0.29999999999999999),$);
#2755=IFCPROPERTYSINGLEVALUE('Width',$,IFCREAL(1.1499999999999999),$);
#2756=IFCPROPERTYSINGLEVALUE('Height',$,IFCREAL(2.5),$);
#2757=IFCPROPERTYSINGLEVALUE('SillHeight',$,IFCREAL(0.),$);
#2758=IFCPROPERTYSET('0MXht2c0PQ6v2V50QXszwD',$,'yaml-ifc',$,(#2753,#2754,#2755,#2756,#2757));
#2759=IFCRELDEFINESBYPROPERTIES('3z0fb_6XnTtfU7Bix1T$H7',$,$,$,(#2751),#2758);
#2760=IFCCARTESIANPOINT((0.,0.,0.));
#2761=IFCDIRECTION((0.,0.,1.));
#2762=IFCDIRECTION((1.,0.,0.));
#2763=IFCAXIS2PLACEMENT3D(#2760,#2761,#2762);
#2764=IFCLOCALPLACEMENT(#718,#2763);
#2765=IFCOPENINGELEMENT('2bV0Jf8ULNE9za0Vt5uFqB',$,'OP27',$,$,#2764,$,$,.OPENING.);
#2766=IFCRELVOIDSELEMENT('3$HJ2lKZvNk9aRBZ1ozLCO',$,$,$,#734,#2765);
#2767=IFCPROPERTYSINGLEVALUE('id',$,IFCLABEL('OP27'),$);
#2768=IFCPROPERTYSINGLEVALUE('AlongAxis',$,IFCREAL(0.),$);
#2769=IFCPROPERTYSINGLEVALUE('Width',$,IFCREAL(2.4500000000000002),$);
#2770=IFCPROPERTYSINGLEVALUE('HeadHeight',$,IFCREAL(2.5),$);
#2771=IFCPROPERTYSET('3iYHCGO_TP9eqdPX2W6XHB',$,'yaml-ifc',$,(#2767,#2768,#2769,#2770));
#2772=IFCRELDEFINESBYPROPERTIES('0afoBZv3nTYwEJdthEZPik',$,$,$,(#2765),#2771);
#2773=IFCCARTESIANPOINT((2.5499999999999998,0.,0.));
#2774=IFCDIRECTION((0.,0.,1.));
#2775=IFCDIRECTION((1.,0.,0.));
#2776=IFCAXIS2PLACEMENT3D(#2773,#2774,#2775);
#2777=IFCLOCALPLACEMENT(#718,#2776);
#2778=IFCCARTESIANPOINT((2.2000000000000002,0.));
#2779=IFCAXIS2PLACEMENT2D(#2778,$);
#2780=IFCRECTANGLEPROFILEDEF(.AREA.,$,#2779,4.4000000000000004,0.10000000000000001);
#2781=IFCCARTESIANPOINT((0.,0.,0.));
#2782=IFCDIRECTION((0.,0.,1.));
#2783=IFCDIRECTION((1.,0.,0.));
#2784=IFCAXIS2PLACEMENT3D(#2781,#2782,#2783);
#2785=IFCDIRECTION((0.,0.,1.));
#2786=IFCEXTRUDEDAREASOLID(#2780,#2784,#2785,2.5);
#2787=IFCSHAPEREPRESENTATION(#12,'Body','SweptSolid',(#2786));
#2788=IFCPRODUCTDEFINITIONSHAPE($,$,(#2787));
#2789=IFCOPENINGELEMENT('3aszmn_unSAA1t2P2ySIYw',$,'OP28',$,$,#2777,#2788,'O11',.OPENING.);
#2790=IFCRELVOIDSELEMENT('2X2kaAkvTQ5BUJ7G7bBm3c',$,$,$,#734,#2789);
#2791=IFCPROPERTYSINGLEVALUE('id',$,IFCLABEL('OP28'),$);
#2792=IFCPROPERTYSINGLEVALUE('AlongAxis',$,IFCREAL(2.5499999999999998),$);
#2793=IFCPROPERTYSINGLEVALUE('Width',$,IFCREAL(4.4000000000000004),$);
#2794=IFCPROPERTYSINGLEVALUE('Height',$,IFCREAL(2.5),$);
#2795=IFCPROPERTYSINGLEVALUE('SillHeight',$,IFCREAL(0.),$);
#2796=IFCPROPERTYSET('24x8E7OgDS9hqBU7wmJ3CX',$,'yaml-ifc',$,(#2791,#2792,#2793,#2794,#2795));
#2797=IFCRELDEFINESBYPROPERTIES('3TxAMC8QbMRRHLAx1LShGP',$,$,$,(#2789),#2796);
#2798=IFCCARTESIANPOINT((7.0499999999999998,0.,0.));
#2799=IFCDIRECTION((0.,0.,1.));
#2800=IFCDIRECTION((1.,0.,0.));
#2801=IFCAXIS2PLACEMENT3D(#2798,#2799,#2800);
#2802=IFCLOCALPLACEMENT(#718,#2801);
#2803=IFCOPENINGELEMENT('3KVCCdjyPUowANAe3_wVpY',$,'OP29',$,$,#2802,$,$,.OPENING.);
#2804=IFCRELVOIDSELEMENT('0JSpGhW6LLQB01hHNAxqSA',$,$,$,#734,#2803);
#2805=IFCPROPERTYSINGLEVALUE('id',$,IFCLABEL('OP29'),$);
#2806=IFCPROPERTYSINGLEVALUE('AlongAxis',$,IFCREAL(7.0499999999999998),$);
#2807=IFCPROPERTYSINGLEVALUE('Width',$,IFCREAL(2.4500000000000002),$);
#2808=IFCPROPERTYSINGLEVALUE('HeadHeight',$,IFCREAL(2.5),$);
#2809=IFCPROPERTYSET('2i1oYyRfzI1g$toxUQuD6B',$,'yaml-ifc',$,(#2805,#2806,#2807,#2808));
#2810=IFCRELDEFINESBYPROPERTIES('2m5nhfxFrTTBAWQLdw3o9W',$,$,$,(#2803),#2809);
#2811=IFCCARTESIANPOINT((2.7749999999999999,0.,1.75));
#2812=IFCDIRECTION((0.,0.,1.));
#2813=IFCDIRECTION((1.,0.,0.));
#2814=IFCAXIS2PLACEMENT3D(#2811,#2812,#2813);
#2815=IFCLOCALPLACEMENT(#1679,#2814);
#2816=IFCCARTESIANPOINT((0.94999999999999996,0.));
#2817=IFCAXIS2PLACEMENT2D(#2816,$);
#2818=IFCRECTANGLEPROFILEDEF(.AREA.,$,#2817,1.8999999999999999,0.45000000000000001);
#2819=IFCCARTESIANPOINT((0.,0.,0.));
#2820=IFCDIRECTION((0.,0.,1.));
#2821=IFCDIRECTION((1.,0.,0.));
#2822=IFCAXIS2PLACEMENT3D(#2819,#2820,#2821);
#2823=IFCDIRECTION((0.,0.,1.));
#2824=IFCEXTRUDEDAREASOLID(#2818,#2822,#2823,0.75);
#2825=IFCSHAPEREPRESENTATION(#12,'Body','SweptSolid',(#2824));
#2826=IFCPRODUCTDEFINITIONSHAPE($,$,(#2825));
#2827=IFCOPENINGELEMENT('1HpRWG42jI6hkF1ULNZQvn',$,'OP30',$,$,#2815,#2826,$,.OPENING.);
#2828=IFCRELVOIDSELEMENT('1OMUCQpOLOdwgXgLl$RKdc',$,$,$,#1695,#2827);
#2829=IFCPROPERTYSINGLEVALUE('id',$,IFCLABEL('OP30'),$);
#2830=IFCPROPERTYSINGLEVALUE('AlongAxis',$,IFCREAL(2.7749999999999999),$);
#2831=IFCPROPERTYSINGLEVALUE('Width',$,IFCREAL(1.8999999999999999),$);
#2832=IFCPROPERTYSINGLEVALUE('Height',$,IFCREAL(0.75),$);
#2833=IFCPROPERTYSINGLEVALUE('SillHeight',$,IFCREAL(1.75),$);
#2834=IFCPROPERTYSET('3YPbOSC6PJYP243RUB7CD6',$,'yaml-ifc',$,(#2829,#2830,#2831,#2832,#2833));
#2835=IFCRELDEFINESBYPROPERTIES('0B_wq93ovPLBejWqIIzMqT',$,$,$,(#2827),#2834);
#2836=IFCCARTESIANPOINT((6.3499999999999996,0.,1.75));
#2837=IFCDIRECTION((0.,0.,1.));
#2838=IFCDIRECTION((1.,0.,0.));
#2839=IFCAXIS2PLACEMENT3D(#2836,#2837,#2838);
#2840=IFCLOCALPLACEMENT(#1679,#2839);
#2841=IFCCARTESIANPOINT((0.45000000000000001,0.));
#2842=IFCAXIS2PLACEMENT2D(#2841,$);
#2843=IFCRECTANGLEPROFILEDEF(.AREA.,$,#2842,0.90000000000000002,0.45000000000000001);
#2844=IFCCARTESIANPOINT((0.,0.,0.));
#2845=IFCDIRECTION((0.,0.,1.));
#2846=IFCDIRECTION((1.,0.,0.));
#2847=IFCAXIS2PLACEMENT3D(#2844,#2845,#2846);
#2848=IFCDIRECTION((0.,0.,1.));
#2849=IFCEXTRUDEDAREASOLID(#2843,#2847,#2848,0.75);
#2850=IFCSHAPEREPRESENTATION(#12,'Body','SweptSolid',(#2849));
#2851=IFCPRODUCTDEFINITIONSHAPE($,$,(#2850));
#2852=IFCOPENINGELEMENT('1DokudY4HMjwf1Vv9ETwg7',$,'OP31',$,$,#2840,#2851,$,.OPENING.);
#2853=IFCRELVOIDSELEMENT('2XablT4TXI$8GnLJlx3gVQ',$,$,$,#1695,#2852);
#2854=IFCPROPERTYSINGLEVALUE('id',$,IFCLABEL('OP31'),$);
#2855=IFCPROPERTYSINGLEVALUE('AlongAxis',$,IFCREAL(6.3499999999999996),$);
#2856=IFCPROPERTYSINGLEVALUE('Width',$,IFCREAL(0.90000000000000002),$);
#2857=IFCPROPERTYSINGLEVALUE('Height',$,IFCREAL(0.75),$);
#2858=IFCPROPERTYSINGLEVALUE('SillHeight',$,IFCREAL(1.75),$);
#2859=IFCPROPERTYSET('3I0Kk0_AXGrfGpcQA8P00n',$,'yaml-ifc',$,(#2854,#2855,#2856,#2857,#2858));
#2860=IFCRELDEFINESBYPROPERTIES('37V6mmH$1QsvDBXXVFn0lR',$,$,$,(#2852),#2859);
#2861=IFCCARTESIANPOINT((0.29999999999999999,0.,0.));
#2862=IFCDIRECTION((0.,0.,1.));
#2863=IFCDIRECTION((1.,0.,0.));
#2864=IFCAXIS2PLACEMENT3D(#2861,#2862,#2863);
#2865=IFCLOCALPLACEMENT(#1710,#2864);
#2866=IFCCARTESIANPOINT((0.57499999999999996,0.));
#2867=IFCAXIS2PLACEMENT2D(#2866,$);
#2868=IFCRECTANGLEPROFILEDEF(.AREA.,$,#2867,1.1499999999999999,0.45000000000000001);
#2869=IFCCARTESIANPOINT((0.,0.,0.));
#2870=IFCDIRECTION((0.,0.,1.));
#2871=IFCDIRECTION((1.,0.,0.));
#2872=IFCAXIS2PLACEMENT3D(#2869,#2870,#2871);
#2873=IFCDIRECTION((0.,0.,1.));
#2874=IFCEXTRUDEDAREASOLID(#2868,#2872,#2873,2.5);
#2875=IFCSHAPEREPRESENTATION(#12,'Body','SweptSolid',(#2874));
#2876=IFCPRODUCTDEFINITIONSHAPE($,$,(#2875));
#2877=IFCOPENINGELEMENT('3jBRRfJjTNBfr1i5hadxyy',$,'OP32',$,$,#2865,#2876,$,.OPENING.);
#2878=IFCRELVOIDSELEMENT('3kvTeDNXbSBPgev9guZK1L',$,$,$,#1726,#2877);
#2879=IFCPROPERTYSINGLEVALUE('id',$,IFCLABEL('OP32'),$);
#2880=IFCPROPERTYSINGLEVALUE('AlongAxis',$,IFCREAL(0.29999999999999999),$);
#2881=IFCPROPERTYSINGLEVALUE('Width',$,IFCREAL(1.1499999999999999),$);
#2882=IFCPROPERTYSINGLEVALUE('Height',$,IFCREAL(2.5),$);
#2883=IFCPROPERTYSINGLEVALUE('SillHeight',$,IFCREAL(0.),$);
#2884=IFCPROPERTYSET('10S4eCjUzUK9L6jX0pHatW',$,'yaml-ifc',$,(#2879,#2880,#2881,#2882,#2883));
#2885=IFCRELDEFINESBYPROPERTIES('0ae$B_QPjM1ABsjAgwkmfV',$,$,$,(#2877),#2884);
#2886=IFCCARTESIANPOINT((0.,0.,0.));
#2887=IFCDIRECTION((0.,0.,1.));
#2888=IFCDIRECTION((1.,0.,0.));
#2889=IFCAXIS2PLACEMENT3D(#2886,#2887,#2888);
#2890=IFCLOCALPLACEMENT(#1741,#2889);
#2891=IFCCARTESIANPOINT((0.55000000000000004,0.));
#2892=IFCAXIS2PLACEMENT2D(#2891,$);
#2893=IFCRECTANGLEPROFILEDEF(.AREA.,$,#2892,1.1000000000000001,0.25);
#2894=IFCCARTESIANPOINT((0.,0.,0.));
#2895=IFCDIRECTION((0.,0.,1.));
#2896=IFCDIRECTION((1.,0.,0.));
#2897=IFCAXIS2PLACEMENT3D(#2894,#2895,#2896);
#2898=IFCDIRECTION((0.,0.,1.));
#2899=IFCEXTRUDEDAREASOLID(#2893,#2897,#2898,2.4500000000000002);
#2900=IFCSHAPEREPRESENTATION(#12,'Body','SweptSolid',(#2899));
#2901=IFCPRODUCTDEFINITIONSHAPE($,$,(#2900));
#2902=IFCOPENINGELEMENT('23VJyzSWjVK8RWMeOeqSqx',$,'OP33',$,$,#2890,#2901,$,.OPENING.);
#2903=IFCRELVOIDSELEMENT('0UYu4CyCHIcO2FEUCpNC2O',$,$,$,#1757,#2902);
#2904=IFCPROPERTYSINGLEVALUE('id',$,IFCLABEL('OP33'),$);
#2905=IFCPROPERTYSINGLEVALUE('AlongAxis',$,IFCREAL(0.),$);
#2906=IFCPROPERTYSINGLEVALUE('Width',$,IFCREAL(1.1000000000000001),$);
#2907=IFCPROPERTYSINGLEVALUE('Height',$,IFCREAL(2.4500000000000002),$);
#2908=IFCPROPERTYSINGLEVALUE('SillHeight',$,IFCREAL(0.),$);
#2909=IFCPROPERTYSET('0ggPIrqTLGTOSRKKGhphwO',$,'yaml-ifc',$,(#2904,#2905,#2906,#2907,#2908));
#2910=IFCRELDEFINESBYPROPERTIES('21vMRgwlzUdwNpClyJi9se',$,$,$,(#2902),#2909);
#2911=IFCCARTESIANPOINT((1.175,0.,0.));
#2912=IFCDIRECTION((0.,0.,1.));
#2913=IFCDIRECTION((1.,0.,0.));
#2914=IFCAXIS2PLACEMENT3D(#2911,#2912,#2913);
#2915=IFCLOCALPLACEMENT(#487,#2914);
#2916=IFCCARTESIANPOINT((0.45000000000000001,0.));
#2917=IFCAXIS2PLACEMENT2D(#2916,$);
#2918=IFCRECTANGLEPROFILEDEF(.AREA.,$,#2917,0.90000000000000002,0.25);
#2919=IFCCARTESIANPOINT((0.,0.,0.));
#2920=IFCDIRECTION((0.,0.,1.));
#2921=IFCDIRECTION((1.,0.,0.));
#2922=IFCAXIS2PLACEMENT3D(#2919,#2920,#2921);
#2923=IFCDIRECTION((0.,0.,1.));
#2924=IFCEXTRUDEDAREASOLID(#2918,#2922,#2923,2.1000000000000001);
#2925=IFCSHAPEREPRESENTATION(#12,'Body','SweptSolid',(#2924));
#2926=IFCPRODUCTDEFINITIONSHAPE($,$,(#2925));
#2927=IFCOPENINGELEMENT('3IiRaBe1TNqQSAxjox$s0r',$,'OP34',$,$,#2915,#2926,$,.OPENING.);
#2928=IFCRELVOIDSELEMENT('33_ej8d6TI6QzhVzpDNsAE',$,$,$,#503,#2927);
#2929=IFCPROPERTYSINGLEVALUE('id',$,IFCLABEL('OP34'),$);
#2930=IFCPROPERTYSINGLEVALUE('AlongAxis',$,IFCREAL(1.175),$);
#2931=IFCPROPERTYSINGLEVALUE('Width',$,IFCREAL(0.90000000000000002),$);
#2932=IFCPROPERTYSINGLEVALUE('Height',$,IFCREAL(2.1000000000000001),$);
#2933=IFCPROPERTYSINGLEVALUE('SillHeight',$,IFCREAL(0.),$);
#2934=IFCPROPERTYSET('1Lh1Ui6CfGM9lsQ7v3JP1Z',$,'yaml-ifc',$,(#2929,#2930,#2931,#2932,#2933));
#2935=IFCRELDEFINESBYPROPERTIES('3nCxwHWujLQehbZSI8ivea',$,$,$,(#2927),#2934);
#2936=IFCCARTESIANPOINT((0.75,0.,0.));
#2937=IFCDIRECTION((0.,0.,1.));
#2938=IFCDIRECTION((1.,0.,0.));
#2939=IFCAXIS2PLACEMENT3D(#2936,#2937,#2938);
#2940=IFCLOCALPLACEMENT(#53,#2939);
#2941=IFCCARTESIANPOINT((1.55,0.));
#2942=IFCAXIS2PLACEMENT2D(#2941,$);
#2943=IFCRECTANGLEPROFILEDEF(.AREA.,$,#2942,3.1000000000000001,0.45000000000000001);
#2944=IFCCARTESIANPOINT((0.,0.,0.));
#2945=IFCDIRECTION((0.,0.,1.));
#2946=IFCDIRECTION((1.,0.,0.));
#2947=IFCAXIS2PLACEMENT3D(#2944,#2945,#2946);
#2948=IFCDIRECTION((0.,0.,1.));
#2949=IFCEXTRUDEDAREASOLID(#2943,#2947,#2948,2.5);
#2950=IFCSHAPEREPRESENTATION(#12,'Body','SweptSolid',(#2949));
#2951=IFCPRODUCTDEFINITIONSHAPE($,$,(#2950));
#2952=IFCOPENINGELEMENT('1ewiyMFVLN99uuAmhmJwsW',$,'OP35',$,$,#2940,#2951,'O10',.OPENING.);
#2953=IFCRELVOIDSELEMENT('1_JxFpxzrOkwq4ZvD3rhDF',$,$,$,#69,#2952);
#2954=IFCPROPERTYSINGLEVALUE('id',$,IFCLABEL('OP35'),$);
#2955=IFCPROPERTYSINGLEVALUE('AlongAxis',$,IFCREAL(0.75),$);
#2956=IFCPROPERTYSINGLEVALUE('Width',$,IFCREAL(3.1000000000000001),$);
#2957=IFCPROPERTYSINGLEVALUE('Height',$,IFCREAL(2.5),$);
#2958=IFCPROPERTYSINGLEVALUE('SillHeight',$,IFCREAL(0.),$);
#2959=IFCPROPERTYSET('3Qa4myGqDI9PbKoZJO8R99',$,'yaml-ifc',$,(#2954,#2955,#2956,#2957,#2958));
#2960=IFCRELDEFINESBYPROPERTIES('1J3TZHsGDJzwD2yeQYdeyJ',$,$,$,(#2952),#2959);
#2961=IFCCARTESIANPOINT((0.,0.,0.));
#2962=IFCDIRECTION((0.,0.,1.));
#2963=IFCDIRECTION((1.,0.,0.));
#2964=IFCAXIS2PLACEMENT3D(#2961,#2962,#2963);
#2965=IFCLOCALPLACEMENT(#1803,#2964);
#2966=IFCCARTESIANPOINT((0.45000000000000001,0.));
#2967=IFCAXIS2PLACEMENT2D(#2966,$);
#2968=IFCRECTANGLEPROFILEDEF(.AREA.,$,#2967,0.90000000000000002,0.125);
#2969=IFCCARTESIANPOINT((0.,0.,0.));
#2970=IFCDIRECTION((0.,0.,1.));
#2971=IFCDIRECTION((1.,0.,0.));
#2972=IFCAXIS2PLACEMENT3D(#2969,#2970,#2971);
#2973=IFCDIRECTION((0.,0.,1.));
#2974=IFCEXTRUDEDAREASOLID(#2968,#2972,#2973,2.1000000000000001);
#2975=IFCSHAPEREPRESENTATION(#12,'Body','SweptSolid',(#2974));
#2976=IFCPRODUCTDEFINITIONSHAPE($,$,(#2975));
#2977=IFCOPENINGELEMENT('1jroLA4e9KWR7KGNGMf0qG',$,'OP36',$,$,#2965,#2976,$,.OPENING.);
#2978=IFCRELVOIDSELEMENT('23muirwjrV7Qq3XOIXm$_G',$,$,$,#1819,#2977);
#2979=IFCPROPERTYSINGLEVALUE('id',$,IFCLABEL('OP36'),$);
#2980=IFCPROPERTYSINGLEVALUE('AlongAxis',$,IFCREAL(0.),$);
#2981=IFCPROPERTYSINGLEVALUE('Width',$,IFCREAL(0.90000000000000002),$);
#2982=IFCPROPERTYSINGLEVALUE('Height',$,IFCREAL(2.1000000000000001),$);
#2983=IFCPROPERTYSINGLEVALUE('SillHeight',$,IFCREAL(0.),$);
#2984=IFCPROPERTYSET('2jdLkfeV1K59qa0xDifK1d',$,'yaml-ifc',$,(#2979,#2980,#2981,#2982,#2983));
#2985=IFCRELDEFINESBYPROPERTIES('3p7OjcAsLTXf14Q3KP9aXW',$,$,$,(#2977),#2984);
#2986=IFCCARTESIANPOINT((0.,0.,0.));
#2987=IFCDIRECTION((0.,0.,1.));
#2988=IFCDIRECTION((1.,0.,0.));
#2989=IFCAXIS2PLACEMENT3D(#2986,#2987,#2988);
#2990=IFCLOCALPLACEMENT(#1834,#2989);
#2991=IFCCARTESIANPOINT((0.45000000000000001,0.));
#2992=IFCAXIS2PLACEMENT2D(#2991,$);
#2993=IFCRECTANGLEPROFILEDEF(.AREA.,$,#2992,0.90000000000000002,0.25);
#2994=IFCCARTESIANPOINT((0.,0.,0.));
#2995=IFCDIRECTION((0.,0.,1.));
#2996=IFCDIRECTION((1.,0.,0.));
#2997=IFCAXIS2PLACEMENT3D(#2994,#2995,#2996);
#2998=IFCDIRECTION((0.,0.,1.));
#2999=IFCEXTRUDEDAREASOLID(#2993,#2997,#2998,2.1000000000000001);
#3000=IFCSHAPEREPRESENTATION(#12,'Body','SweptSolid',(#2999));
#3001=IFCPRODUCTDEFINITIONSHAPE($,$,(#3000));
#3002=IFCOPENINGELEMENT('2WFFDlrT9Jd9akgCdCkdwo',$,'OP37',$,$,#2990,#3001,$,.OPENING.);
#3003=IFCRELVOIDSELEMENT('1QEFdSp9TO2wSKHmf7Dol2',$,$,$,#1850,#3002);
#3004=IFCPROPERTYSINGLEVALUE('id',$,IFCLABEL('OP37'),$);
#3005=IFCPROPERTYSINGLEVALUE('AlongAxis',$,IFCREAL(0.),$);
#3006=IFCPROPERTYSINGLEVALUE('Width',$,IFCREAL(0.90000000000000002),$);
#3007=IFCPROPERTYSINGLEVALUE('Height',$,IFCREAL(2.1000000000000001),$);
#3008=IFCPROPERTYSINGLEVALUE('SillHeight',$,IFCREAL(0.),$);
#3009=IFCPROPERTYSET('1DB__EdGHLhAwz5PYEIUGP',$,'yaml-ifc',$,(#3004,#3005,#3006,#3007,#3008));
#3010=IFCRELDEFINESBYPROPERTIES('1rzZC64ODO$e0KPft8YBxI',$,$,$,(#3002),#3009);
#3011=IFCCARTESIANPOINT((1.8500000000000001,0.,0.));
#3012=IFCDIRECTION((0.,0.,1.));
#3013=IFCDIRECTION((1.,0.,0.));
#3014=IFCAXIS2PLACEMENT3D(#3011,#3012,#3013);
#3015=IFCLOCALPLACEMENT(#1834,#3014);
#3016=IFCCARTESIANPOINT((0.55000000000000004,0.));
#3017=IFCAXIS2PLACEMENT2D(#3016,$);
#3018=IFCRECTANGLEPROFILEDEF(.AREA.,$,#3017,1.1000000000000001,0.25);
#3019=IFCCARTESIANPOINT((0.,0.,0.));
#3020=IFCDIRECTION((0.,0.,1.));
#3021=IFCDIRECTION((1.,0.,0.));
#3022=IFCAXIS2PLACEMENT3D(#3019,#3020,#3021);
#3023=IFCDIRECTION((0.,0.,1.));
#3024=IFCEXTRUDEDAREASOLID(#3018,#3022,#3023,2.3999999999999999);
#3025=IFCSHAPEREPRESENTATION(#12,'Body','SweptSolid',(#3024));
#3026=IFCPRODUCTDEFINITIONSHAPE($,$,(#3025));
#3027=IFCOPENINGELEMENT('16N2nyiszQBeAPb1u7uenA',$,'OP38',$,$,#3015,#3026,$,.OPENING.);
#3028=IFCRELVOIDSELEMENT('2gxGh9cSHN1x$oXWxDYuOf',$,$,$,#1850,#3027);
#3029=IFCPROPERTYSINGLEVALUE('id',$,IFCLABEL('OP38'),$);
#3030=IFCPROPERTYSINGLEVALUE('AlongAxis',$,IFCREAL(1.8500000000000001),$);
#3031=IFCPROPERTYSINGLEVALUE('Width',$,IFCREAL(1.1000000000000001),$);
#3032=IFCPROPERTYSINGLEVALUE('Height',$,IFCREAL(2.3999999999999999),$);
#3033=IFCPROPERTYSINGLEVALUE('SillHeight',$,IFCREAL(0.),$);
#3034=IFCPROPERTYSET('2quOQgMf1SaQWgqeocqyOn',$,'yaml-ifc',$,(#3029,#3030,#3031,#3032,#3033));
#3035=IFCRELDEFINESBYPROPERTIES('2mkyIq5GXPz8eTTyoZ7oFl',$,$,$,(#3027),#3034);
#3036=IFCCARTESIANPOINT((0.29999999999999999,0.,0.));
#3037=IFCDIRECTION((0.,0.,1.));
#3038=IFCDIRECTION((1.,0.,0.));
#3039=IFCAXIS2PLACEMENT3D(#3036,#3037,#3038);
#3040=IFCLOCALPLACEMENT(#1865,#3039);
#3041=IFCCARTESIANPOINT((0.55000000000000004,0.));
#3042=IFCAXIS2PLACEMENT2D(#3041,$);
#3043=IFCRECTANGLEPROFILEDEF(.AREA.,$,#3042,1.1000000000000001,0.45000000000000001);
#3044=IFCCARTESIANPOINT((0.,0.,0.));
#3045=IFCDIRECTION((0.,0.,1.));
#3046=IFCDIRECTION((1.,0.,0.));
#3047=IFCAXIS2PLACEMENT3D(#3044,#3045,#3046);
#3048=IFCDIRECTION((0.,0.,1.));
#3049=IFCEXTRUDEDAREASOLID(#3043,#3047,#3048,2.1499999999999999);
#3050=IFCSHAPEREPRESENTATION(#12,'Body','SweptSolid',(#3049));
#3051=IFCPRODUCTDEFINITIONSHAPE($,$,(#3050));
#3052=IFCOPENINGELEMENT('0UL1Y4YNTIAuKOVg6F6Rtq',$,'OP39a',$,$,#3040,#3051,$,.OPENING.);
#3053=IFCRELVOIDSELEMENT('3Uoq6M$5DSiAlCni3UfZKF',$,$,$,#1881,#3052);
#3054=IFCPROPERTYSINGLEVALUE('id',$,IFCLABEL('OP39a'),$);
#3055=IFCPROPERTYSINGLEVALUE('AlongAxis',$,IFCREAL(0.29999999999999999),$);
#3056=IFCPROPERTYSINGLEVALUE('Width',$,IFCREAL(1.1000000000000001),$);
#3057=IFCPROPERTYSINGLEVALUE('Height',$,IFCREAL(2.1499999999999999),$);
#3058=IFCPROPERTYSINGLEVALUE('SillHeight',$,IFCREAL(0.),$);
#3059=IFCPROPERTYSET('30DViL2w5SiPnchxW2O7s6',$,'yaml-ifc',$,(#3054,#3055,#3056,#3057,#3058));
#3060=IFCRELDEFINESBYPROPERTIES('1Ujx_cyUrH$AQIpbDotwAm',$,$,$,(#3052),#3059);
#3061=IFCCARTESIANPOINT((1.3999999999999999,0.,0.));
#3062=IFCDIRECTION((0.,0.,1.));
#3063=IFCDIRECTION((1.,0.,0.));
#3064=IFCAXIS2PLACEMENT3D(#3061,#3062,#3063);
#3065=IFCLOCALPLACEMENT(#1865,#3064);
#3066=IFCCARTESIANPOINT((0.55000000000000004,0.));
#3067=IFCAXIS2PLACEMENT2D(#3066,$);
#3068=IFCRECTANGLEPROFILEDEF(.AREA.,$,#3067,1.1000000000000001,0.45000000000000001);
#3069=IFCCARTESIANPOINT((0.,0.,0.));
#3070=IFCDIRECTION((0.,0.,1.));
#3071=IFCDIRECTION((1.,0.,0.));
#3072=IFCAXIS2PLACEMENT3D(#3069,#3070,#3071);
#3073=IFCDIRECTION((0.,0.,1.));
#3074=IFCEXTRUDEDAREASOLID(#3068,#3072,#3073,2.5);
#3075=IFCSHAPEREPRESENTATION(#12,'Body','SweptSolid',(#3074));
#3076=IFCPRODUCTDEFINITIONSHAPE($,$,(#3075));
#3077=IFCOPENINGELEMENT('1yGs$acu5RMwfpCQWOjFmT',$,'OP39b',$,$,#3065,#3076,$,.OPENING.);
#3078=IFCRELVOIDSELEMENT('0ROyRbWRXTwOzilY2PWOUr',$,$,$,#1881,#3077);
#3079=IFCPROPERTYSINGLEVALUE('id',$,IFCLABEL('OP39b'),$);
#3080=IFCPROPERTYSINGLEVALUE('AlongAxis',$,IFCREAL(1.3999999999999999),$);
#3081=IFCPROPERTYSINGLEVALUE('Width',$,IFCREAL(1.1000000000000001),$);
#3082=IFCPROPERTYSINGLEVALUE('Height',$,IFCREAL(2.5),$);
#3083=IFCPROPERTYSINGLEVALUE('SillHeight',$,IFCREAL(0.),$);
#3084=IFCPROPERTYSET('2YM9AbNgfU7QlVIUqlUMRH',$,'yaml-ifc',$,(#3079,#3080,#3081,#3082,#3083));
#3085=IFCRELDEFINESBYPROPERTIES('2Dw2uHlEHLGe5qYBhZm$Rf',$,$,$,(#3077),#3084);
#3086=IFCCARTESIANPOINT((1.3,0.,0.));
#3087=IFCDIRECTION((0.,0.,1.));
#3088=IFCDIRECTION((1.,0.,0.));
#3089=IFCAXIS2PLACEMENT3D(#3086,#3087,#3088);
#3090=IFCLOCALPLACEMENT(#270,#3089);
#3091=IFCCARTESIANPOINT((0.45000000000000001,0.));
#3092=IFCAXIS2PLACEMENT2D(#3091,$);
#3093=IFCRECTANGLEPROFILEDEF(.AREA.,$,#3092,0.90000000000000002,0.125);
#3094=IFCCARTESIANPOINT((0.,0.,0.));
#3095=IFCDIRECTION((0.,0.,1.));
#3096=IFCDIRECTION((1.,0.,0.));
#3097=IFCAXIS2PLACEMENT3D(#3094,#3095,#3096);
#3098=IFCDIRECTION((0.,0.,1.));
#3099=IFCEXTRUDEDAREASOLID(#3093,#3097,#3098,2.1000000000000001);
#3100=IFCSHAPEREPRESENTATION(#12,'Body','SweptSolid',(#3099));
#3101=IFCPRODUCTDEFINITIONSHAPE($,$,(#3100));
#3102=IFCOPENINGELEMENT('2E5IMInzLT_ee2Y62D60IU',$,'OP40',$,$,#3090,#3101,$,.OPENING.);
#3103=IFCRELVOIDSELEMENT('3J6kTsrRvQAO5rKO2udUbe',$,$,$,#286,#3102);
#3104=IFCPROPERTYSINGLEVALUE('id',$,IFCLABEL('OP40'),$);
#3105=IFCPROPERTYSINGLEVALUE('AlongAxis',$,IFCREAL(1.3),$);
#3106=IFCPROPERTYSINGLEVALUE('Width',$,IFCREAL(0.90000000000000002),$);
#3107=IFCPROPERTYSINGLEVALUE('Height',$,IFCREAL(2.1000000000000001),$);
#3108=IFCPROPERTYSINGLEVALUE('SillHeight',$,IFCREAL(0.),$);
#3109=IFCPROPERTYSET('18XO5KSpjUdQ9m0sPUjakj',$,'yaml-ifc',$,(#3104,#3105,#3106,#3107,#3108));
#3110=IFCRELDEFINESBYPROPERTIES('0C5scAsh9N2g8KHK7YOPrd',$,$,$,(#3102),#3109);
#3111=IFCCARTESIANPOINT((3.4750000000000001,0.,0.));
#3112=IFCDIRECTION((0.,0.,1.));
#3113=IFCDIRECTION((1.,0.,0.));
#3114=IFCAXIS2PLACEMENT3D(#3111,#3112,#3113);
#3115=IFCLOCALPLACEMENT(#1958,#3114);
#3116=IFCCARTESIANPOINT((0.45000000000000001,0.));
#3117=IFCAXIS2PLACEMENT2D(#3116,$);
#3118=IFCRECTANGLEPROFILEDEF(.AREA.,$,#3117,0.90000000000000002,0.45000000000000001);
#3119=IFCCARTESIANPOINT((0.,0.,0.));
#3120=IFCDIRECTION((0.,0.,1.));
#3121=IFCDIRECTION((1.,0.,0.));
#3122=IFCAXIS2PLACEMENT3D(#3119,#3120,#3121);
#3123=IFCDIRECTION((0.,0.,1.));
#3124=IFCEXTRUDEDAREASOLID(#3118,#3122,#3123,2.1499999999999999);
#3125=IFCSHAPEREPRESENTATION(#12,'Body','SweptSolid',(#3124));
#3126=IFCPRODUCTDEFINITIONSHAPE($,$,(#3125));
#3127=IFCOPENINGELEMENT('3qAnhz4tDMKeVwiqyXY$Mn',$,'OP41',$,$,#3115,#3126,$,.OPENING.);
#3128=IFCRELVOIDSELEMENT('08AGoAyb1UCOxCiC3xBJ8m',$,$,$,#1974,#3127);
#3129=IFCPROPERTYSINGLEVALUE('id',$,IFCLABEL('OP41'),$);
#3130=IFCPROPERTYSINGLEVALUE('AlongAxis',$,IFCREAL(3.4750000000000001),$);
#3131=IFCPROPERTYSINGLEVALUE('Width',$,IFCREAL(0.90000000000000002),$);
#3132=IFCPROPERTYSINGLEVALUE('Height',$,IFCREAL(2.1499999999999999),$);
#3133=IFCPROPERTYSINGLEVALUE('SillHeight',$,IFCREAL(0.),$);
#3134=IFCPROPERTYSET('2V8T0BtkXJtglTXs5NJUmv',$,'yaml-ifc',$,(#3129,#3130,#3131,#3132,#3133));
#3135=IFCRELDEFINESBYPROPERTIES('1wXV$0GzbJ_hyn4LEhA8Zd',$,$,$,(#3127),#3134);
#3136=IFCCARTESIANPOINT((0.75,0.,1.75));
#3137=IFCDIRECTION((0.,0.,1.));
#3138=IFCDIRECTION((1.,0.,0.));
#3139=IFCAXIS2PLACEMENT3D(#3136,#3137,#3138);
#3140=IFCLOCALPLACEMENT(#780,#3139);
#3141=IFCCARTESIANPOINT((1.45,0.));
#3142=IFCAXIS2PLACEMENT2D(#3141,$);
#3143=IFCRECTANGLEPROFILEDEF(.AREA.,$,#3142,2.8999999999999999,0.34999999999999998);
#3144=IFCCARTESIANPOINT((0.,0.,0.));
#3145=IFCDIRECTION((0.,0.,1.));
#3146=IFCDIRECTION((1.,0.,0.));
#3147=IFCAXIS2PLACEMENT3D(#3144,#3145,#3146);
#3148=IFCDIRECTION((0.,0.,1.));
#3149=IFCEXTRUDEDAREASOLID(#3143,#3147,#3148,0.75);
#3150=IFCSHAPEREPRESENTATION(#12,'Body','SweptSolid',(#3149));
#3151=IFCPRODUCTDEFINITIONSHAPE($,$,(#3150));
#3152=IFCOPENINGELEMENT('2sGBTj2ufRyB3EUe$07imb',$,'OP42',$,$,#3140,#3151,'O8',.OPENING.);
#3153=IFCRELVOIDSELEMENT('37ZFtFuBHN6AjaRqWXjCyI',$,$,$,#796,#3152);
#3154=IFCPROPERTYSINGLEVALUE('id',$,IFCLABEL('OP42'),$);
#3155=IFCPROPERTYSINGLEVALUE('AlongAxis',$,IFCREAL(0.75),$);
#3156=IFCPROPERTYSINGLEVALUE('Width',$,IFCREAL(2.8999999999999999),$);
#3157=IFCPROPERTYSINGLEVALUE('Height',$,IFCREAL(0.75),$);
#3158=IFCPROPERTYSINGLEVALUE('SillHeight',$,IFCREAL(1.75),$);
#3159=IFCPROPERTYSET('2_G7uy4knI4BH$HG8k79Vs',$,'yaml-ifc',$,(#3154,#3155,#3156,#3157,#3158));
#3160=IFCRELDEFINESBYPROPERTIES('3fMpYkVdjPrPuiVXpt4mfn',$,$,$,(#3152),#3159);
#3161=IFCCARTESIANPOINT((0.5,0.,0.));
#3162=IFCDIRECTION((0.,0.,1.));
#3163=IFCDIRECTION((1.,0.,0.));
#3164=IFCAXIS2PLACEMENT3D(#3161,#3162,#3163);
#3165=IFCLOCALPLACEMENT(#239,#3164);
#3166=IFCCARTESIANPOINT((0.75,0.));
#3167=IFCAXIS2PLACEMENT2D(#3166,$);
#3168=IFCRECTANGLEPROFILEDEF(.AREA.,$,#3167,1.5,0.25);
#3169=IFCCARTESIANPOINT((0.,0.,0.));
#3170=IFCDIRECTION((0.,0.,1.));
#3171=IFCDIRECTION((1.,0.,0.));
#3172=IFCAXIS2PLACEMENT3D(#3169,#3170,#3171);
#3173=IFCDIRECTION((0.,0.,1.));
#3174=IFCEXTRUDEDAREASOLID(#3168,#3172,#3173,2.25);
#3175=IFCSHAPEREPRESENTATION(#12,'Body','SweptSolid',(#3174));
#3176=IFCPRODUCTDEFINITIONSHAPE($,$,(#3175));
#3177=IFCOPENINGELEMENT('0mwJeNXhTNVxmgJxSTxD6w',$,'OP43',$,$,#3165,#3176,$,.OPENING.);
#3178=IFCRELVOIDSELEMENT('105qOHPUzU2ud7vDHCt0ai',$,$,$,#255,#3177);
#3179=IFCPROPERTYSINGLEVALUE('id',$,IFCLABEL('OP43'),$);
#3180=IFCPROPERTYSINGLEVALUE('AlongAxis',$,IFCREAL(0.5),$);
#3181=IFCPROPERTYSINGLEVALUE('Width',$,IFCREAL(1.5),$);
#3182=IFCPROPERTYSINGLEVALUE('Height',$,IFCREAL(2.25),$);
#3183=IFCPROPERTYSINGLEVALUE('SillHeight',$,IFCREAL(0.),$);
#3184=IFCPROPERTYSET('289vW0fQbO8OVtH_A8D8TP',$,'yaml-ifc',$,(#3179,#3180,#3181,#3182,#3183));
#3185=IFCRELDEFINESBYPROPERTIES('2eCYH3DYfJMQE8LcGnqEmv',$,$,$,(#3177),#3184);
#3186=IFCCARTESIANPOINT((1.05,0.,1.75));
#3187=IFCDIRECTION((0.,0.,1.));
#3188=IFCDIRECTION((1.,0.,0.));
#3189=IFCAXIS2PLACEMENT3D(#3186,#3187,#3188);
#3190=IFCLOCALPLACEMENT(#177,#3189);
#3191=IFCCARTESIANPOINT((0.80000000000000004,0.));
#3192=IFCAXIS2PLACEMENT2D(#3191,$);
#3193=IFCRECTANGLEPROFILEDEF(.AREA.,$,#3192,1.6000000000000001,0.34999999999999998);
#3194=IFCCARTESIANPOINT((0.,0.,0.));
#3195=IFCDIRECTION((0.,0.,1.));
#3196=IFCDIRECTION((1.,0.,0.));
#3197=IFCAXIS2PLACEMENT3D(#3194,#3195,#3196);
#3198=IFCDIRECTION((0.,0.,1.));
#3199=IFCEXTRUDEDAREASOLID(#3193,#3197,#3198,0.75);
#3200=IFCSHAPEREPRESENTATION(#12,'Body','SweptSolid',(#3199));
#3201=IFCPRODUCTDEFINITIONSHAPE($,$,(#3200));
#3202=IFCOPENINGELEMENT('0OrZJ3wATMaBS83Ppq6_9n',$,'OP45',$,$,#3190,#3201,'O9',.OPENING.);
#3203=IFCRELVOIDSELEMENT('3xgp4lZAjNzQPOaxppy_DJ',$,$,$,#193,#3202);
#3204=IFCPROPERTYSINGLEVALUE('id',$,IFCLABEL('OP45'),$);
#3205=IFCPROPERTYSINGLEVALUE('AlongAxis',$,IFCREAL(1.05),$);
#3206=IFCPROPERTYSINGLEVALUE('Width',$,IFCREAL(1.6000000000000001),$);
#3207=IFCPROPERTYSINGLEVALUE('Height',$,IFCREAL(0.75),$);
#3208=IFCPROPERTYSINGLEVALUE('SillHeight',$,IFCREAL(1.75),$);
#3209=IFCPROPERTYSET('3$XxL$tRzS0AIdo4y7b127',$,'yaml-ifc',$,(#3204,#3205,#3206,#3207,#3208));
#3210=IFCRELDEFINESBYPROPERTIES('3MXshsXR9QUw$xNl0qFaOx',$,$,$,(#3202),#3209);
#3211=IFCCARTESIANPOINT((1.05,0.,1.75));
#3212=IFCDIRECTION((0.,0.,1.));
#3213=IFCDIRECTION((1.,0.,0.));
#3214=IFCAXIS2PLACEMENT3D(#3211,#3212,#3213);
#3215=IFCLOCALPLACEMENT(#842,#3214);
#3216=IFCCARTESIANPOINT((0.80000000000000004,0.));
#3217=IFCAXIS2PLACEMENT2D(#3216,$);
#3218=IFCRECTANGLEPROFILEDEF(.AREA.,$,#3217,1.6000000000000001,0.34999999999999998);
#3219=IFCCARTESIANPOINT((0.,0.,0.));
#3220=IFCDIRECTION((0.,0.,1.));
#3221=IFCDIRECTION((1.,0.,0.));
#3222=IFCAXIS2PLACEMENT3D(#3219,#3220,#3221);
#3223=IFCDIRECTION((0.,0.,1.));
#3224=IFCEXTRUDEDAREASOLID(#3218,#3222,#3223,0.75);
#3225=IFCSHAPEREPRESENTATION(#12,'Body','SweptSolid',(#3224));
#3226=IFCPRODUCTDEFINITIONSHAPE($,$,(#3225));
#3227=IFCOPENINGELEMENT('3tifYeY65NAwzU75VIU0JC',$,'OP46',$,$,#3215,#3226,'O9',.OPENING.);
#3228=IFCRELVOIDSELEMENT('3QY20lGvzR5gzdFIuxLtmn',$,$,$,#858,#3227);
#3229=IFCPROPERTYSINGLEVALUE('id',$,IFCLABEL('OP46'),$);
#3230=IFCPROPERTYSINGLEVALUE('AlongAxis',$,IFCREAL(1.05),$);
#3231=IFCPROPERTYSINGLEVALUE('Width',$,IFCREAL(1.6000000000000001),$);
#3232=IFCPROPERTYSINGLEVALUE('Height',$,IFCREAL(0.75),$);
#3233=IFCPROPERTYSINGLEVALUE('SillHeight',$,IFCREAL(1.75),$);
#3234=IFCPROPERTYSET('176fCTu6LUO8Zs_744V98l',$,'yaml-ifc',$,(#3229,#3230,#3231,#3232,#3233));
#3235=IFCRELDEFINESBYPROPERTIES('3KAvZ_FvfNbPiz3eNwIltg',$,$,$,(#3227),#3234);
#3236=IFCCARTESIANPOINT((3.9500000000000002,0.,1.75));
#3237=IFCDIRECTION((0.,0.,1.));
#3238=IFCDIRECTION((1.,0.,0.));
#3239=IFCAXIS2PLACEMENT3D(#3236,#3237,#3238);
#3240=IFCLOCALPLACEMENT(#177,#3239);
#3241=IFCCARTESIANPOINT((0.80000000000000004,0.));
#3242=IFCAXIS2PLACEMENT2D(#3241,$);
#3243=IFCRECTANGLEPROFILEDEF(.AREA.,$,#3242,1.6000000000000001,0.34999999999999998);
#3244=IFCCARTESIANPOINT((0.,0.,0.));
#3245=IFCDIRECTION((0.,0.,1.));
#3246=IFCDIRECTION((1.,0.,0.));
#3247=IFCAXIS2PLACEMENT3D(#3244,#3245,#3246);
#3248=IFCDIRECTION((0.,0.,1.));
#3249=IFCEXTRUDEDAREASOLID(#3243,#3247,#3248,0.75);
#3250=IFCSHAPEREPRESENTATION(#12,'Body','SweptSolid',(#3249));
#3251=IFCPRODUCTDEFINITIONSHAPE($,$,(#3250));
#3252=IFCOPENINGELEMENT('3tC70wqZHRXRX8q7KmK7mx',$,'OP47',$,$,#3240,#3251,'O9',.OPENING.);
#3253=IFCRELVOIDSELEMENT('0l4DLA9ArJfAkvDaXZ_7tO',$,$,$,#193,#3252);
#3254=IFCPROPERTYSINGLEVALUE('id',$,IFCLABEL('OP47'),$);
#3255=IFCPROPERTYSINGLEVALUE('AlongAxis',$,IFCREAL(3.9500000000000002),$);
#3256=IFCPROPERTYSINGLEVALUE('Width',$,IFCREAL(1.6000000000000001),$);
#3257=IFCPROPERTYSINGLEVALUE('Height',$,IFCREAL(0.75),$);
#3258=IFCPROPERTYSINGLEVALUE('SillHeight',$,IFCREAL(1.75),$);
#3259=IFCPROPERTYSET('24r3$1PuvHvBTAXX7qAgyc',$,'yaml-ifc',$,(#3254,#3255,#3256,#3257,#3258));
#3260=IFCRELDEFINESBYPROPERTIES('0m3bUUrXPNshQgPEAvlXPR',$,$,$,(#3252),#3259);
#3261=IFCCARTESIANPOINT((3.9500000000000002,0.,1.75));
#3262=IFCDIRECTION((0.,0.,1.));
#3263=IFCDIRECTION((1.,0.,0.));
#3264=IFCAXIS2PLACEMENT3D(#3261,#3262,#3263);
#3265=IFCLOCALPLACEMENT(#842,#3264);
#3266=IFCCARTESIANPOINT((0.80000000000000004,0.));
#3267=IFCAXIS2PLACEMENT2D(#3266,$);
#3268=IFCRECTANGLEPROFILEDEF(.AREA.,$,#3267,1.6000000000000001,0.34999999999999998);
#3269=IFCCARTESIANPOINT((0.,0.,0.));
#3270=IFCDIRECTION((0.,0.,1.));
#3271=IFCDIRECTION((1.,0.,0.));
#3272=IFCAXIS2PLACEMENT3D(#3269,#3270,#3271);
#3273=IFCDIRECTION((0.,0.,1.));
#3274=IFCEXTRUDEDAREASOLID(#3268,#3272,#3273,0.75);
#3275=IFCSHAPEREPRESENTATION(#12,'Body','SweptSolid',(#3274));
#3276=IFCPRODUCTDEFINITIONSHAPE($,$,(#3275));
#3277=IFCOPENINGELEMENT('2mYNW9dIjRceRYsYghEo4Y',$,'OP48',$,$,#3265,#3276,'O9',.OPENING.);
#3278=IFCRELVOIDSELEMENT('3uWVl$r2rUMg58bJGIZ2cA',$,$,$,#858,#3277);
#3279=IFCPROPERTYSINGLEVALUE('id',$,IFCLABEL('OP48'),$);
#3280=IFCPROPERTYSINGLEVALUE('AlongAxis',$,IFCREAL(3.9500000000000002),$);
#3281=IFCPROPERTYSINGLEVALUE('Width',$,IFCREAL(1.6000000000000001),$);
#3282=IFCPROPERTYSINGLEVALUE('Height',$,IFCREAL(0.75),$);
#3283=IFCPROPERTYSINGLEVALUE('SillHeight',$,IFCREAL(1.75),$);
#3284=IFCPROPERTYSET('2iiqcGlNbNxP0_D2Jx4mkX',$,'yaml-ifc',$,(#3279,#3280,#3281,#3282,#3283));
#3285=IFCRELDEFINESBYPROPERTIES('14Lhvhn1zRFAQuth4VVfcR',$,$,$,(#3277),#3284);
#3286=IFCCARTESIANPOINT((0.65000000000000002,0.,0.));
#3287=IFCDIRECTION((0.,0.,1.));
#3288=IFCDIRECTION((1.,0.,0.));
#3289=IFCAXIS2PLACEMENT3D(#3286,#3287,#3288);
#3290=IFCLOCALPLACEMENT(#2082,#3289);
#3291=IFCCARTESIANPOINT((1.05,0.));
#3292=IFCAXIS2PLACEMENT2D(#3291,$);
#3293=IFCRECTANGLEPROFILEDEF(.AREA.,$,#3292,2.1000000000000001,0.34999999999999998);
#3294=IFCCARTESIANPOINT((0.,0.,0.));
#3295=IFCDIRECTION((0.,0.,1.));
#3296=IFCDIRECTION((1.,0.,0.));
#3297=IFCAXIS2PLACEMENT3D(#3294,#3295,#3296);
#3298=IFCDIRECTION((0.,0.,1.));
#3299=IFCEXTRUDEDAREASOLID(#3293,#3297,#3298,2.25);
#3300=IFCSHAPEREPRESENTATION(#12,'Body','SweptSolid',(#3299));
#3301=IFCPRODUCTDEFINITIONSHAPE($,$,(#3300));
#3302=IFCOPENINGELEMENT('1ECn92REnPoAMfW3XjBCJh',$,'OP49',$,$,#3290,#3301,'D6',.OPENING.);
#3303=IFCRELVOIDSELEMENT('0JDRV2z4nM4OP33TWzb6Sg',$,$,$,#2098,#3302);
#3304=IFCPROPERTYSINGLEVALUE('id',$,IFCLABEL('OP49'),$);
#3305=IFCPROPERTYSINGLEVALUE('AlongAxis',$,IFCREAL(0.65000000000000002),$);
#3306=IFCPROPERTYSINGLEVALUE('Width',$,IFCREAL(2.1000000000000001),$);
#3307=IFCPROPERTYSINGLEVALUE('Height',$,IFCREAL(2.25),$);
#3308=IFCPROPERTYSINGLEVALUE('SillHeight',$,IFCREAL(0.),$);
#3309=IFCPROPERTYSET('1DmTp6jF5IGeVe4UEIyfzv',$,'yaml-ifc',$,(#3304,#3305,#3306,#3307,#3308));
#3310=IFCRELDEFINESBYPROPERTIES('0Zl4naxpDGpQZnBRcoAo7O',$,$,$,(#3302),#3309);
#3311=IFCCARTESIANPOINT((3.2000000000000002,0.,0.));
#3312=IFCDIRECTION((0.,0.,1.));
#3313=IFCDIRECTION((1.,0.,0.));
#3314=IFCAXIS2PLACEMENT3D(#3311,#3312,#3313);
#3315=IFCLOCALPLACEMENT(#2082,#3314);
#3316=IFCCARTESIANPOINT((2.5750000000000002,0.));
#3317=IFCAXIS2PLACEMENT2D(#3316,$);
#3318=IFCRECTANGLEPROFILEDEF(.AREA.,$,#3317,5.1500000000000004,0.34999999999999998);
#3319=IFCCARTESIANPOINT((0.,0.,0.));
#3320=IFCDIRECTION((0.,0.,1.));
#3321=IFCDIRECTION((1.,0.,0.));
#3322=IFCAXIS2PLACEMENT3D(#3319,#3320,#3321);
#3323=IFCDIRECTION((0.,0.,1.));
#3324=IFCEXTRUDEDAREASOLID(#3318,#3322,#3323,2.25);
#3325=IFCSHAPEREPRESENTATION(#12,'Body','SweptSolid',(#3324));
#3326=IFCPRODUCTDEFINITIONSHAPE($,$,(#3325));
#3327=IFCOPENINGELEMENT('2HfkhudXbK1B$0R6H2MUqm',$,'OP50',$,$,#3315,#3326,'D5',.OPENING.);
#3328=IFCRELVOIDSELEMENT('3GAAb_0U9G$hbPuXLhjwLO',$,$,$,#2098,#3327);
#3329=IFCPROPERTYSINGLEVALUE('id',$,IFCLABEL('OP50'),$);
#3330=IFCPROPERTYSINGLEVALUE('AlongAxis',$,IFCREAL(3.2000000000000002),$);
#3331=IFCPROPERTYSINGLEVALUE('Width',$,IFCREAL(5.1500000000000004),$);
#3332=IFCPROPERTYSINGLEVALUE('Height',$,IFCREAL(2.25),$);
#3333=IFCPROPERTYSINGLEVALUE('SillHeight',$,IFCREAL(0.),$);
#3334=IFCPROPERTYSET('3kV22SRm5Riu7W2Fwl2M7H',$,'yaml-ifc',$,(#3329,#3330,#3331,#3332,#3333));
#3335=IFCRELDEFINESBYPROPERTIES('1a52Hkq9jR2vcfsUPBQtIq',$,$,$,(#3327),#3334);
#3336=IFCCARTESIANPOINT((0.,0.,0.));
#3337=IFCDIRECTION((0.,0.,1.));
#3338=IFCDIRECTION((1.,0.,0.));
#3339=IFCAXIS2PLACEMENT3D(#3336,#3337,#3338);
#3340=IFCLOCALPLACEMENT(#2163,#3339);
#3341=IFCDOOR('1myBiyHMvHRejW8W95YJq_',$,'D-OP03',$,$,#3340,$,$,2.1000000000000001,1.8,$,$,$);
#3342=IFCRELFILLSELEMENT('2uvdk2NabHxxyPPNuM4$6T',$,$,$,#2175,#3341);
#3343=IFCPROPERTYSINGLEVALUE('id',$,IFCLABEL('D-OP03'),$);
#3344=IFCPROPERTYSET('0UZ1027z9V3QP96GhbR9I9',$,'yaml-ifc',$,(#3343));
#3345=IFCRELDEFINESBYPROPERTIES('3Mle7WCEvMkh3bQT26_kS9',$,$,$,(#3341),#3344);
#3346=IFCCARTESIANPOINT((0.,0.,0.));
#3347=IFCDIRECTION((0.,0.,1.));
#3348=IFCDIRECTION((1.,0.,0.));
#3349=IFCAXIS2PLACEMENT3D(#3346,#3347,#3348);
#3350=IFCLOCALPLACEMENT(#2238,#3349);
#3351=IFCDOOR('2h0h1SPD5KtQjiIBCgZu5q',$,'D-OP06',$,$,#3350,$,$,2.1000000000000001,0.69999999999999996,$,$,$);
#3352=IFCRELFILLSELEMENT('2b8bI3e3HGKfaSikvPKyjV',$,$,$,#2250,#3351);
#3353=IFCPROPERTYSINGLEVALUE('id',$,IFCLABEL('D-OP06'),$);
#3354=IFCPROPERTYSET('0600wPsoLIaw$b5wucDlM3',$,'yaml-ifc',$,(#3353));
#3355=IFCRELDEFINESBYPROPERTIES('2uY9vpVhfL3w4UazsdyZ1q',$,$,$,(#3351),#3354);
#3356=IFCCARTESIANPOINT((0.,0.,0.));
#3357=IFCDIRECTION((0.,0.,1.));
#3358=IFCDIRECTION((1.,0.,0.));
#3359=IFCAXIS2PLACEMENT3D(#3356,#3357,#3358);
#3360=IFCLOCALPLACEMENT(#2313,#3359);
#3361=IFCDOOR('3gxhkuMsrSKwCVVJcCPFEy',$,'D-OP09',$,$,#3360,$,$,2.1000000000000001,0.80000000000000004,$,$,$);
#3362=IFCRELFILLSELEMENT('3AzumSORTQG9Eoanx87eKi',$,$,$,#2325,#3361);
#3363=IFCPROPERTYSINGLEVALUE('id',$,IFCLABEL('D-OP09'),$);
#3364=IFCPROPERTYSET('1w0q4JFIPN4uw64Z3V0e0l',$,'yaml-ifc',$,(#3363));
#3365=IFCRELDEFINESBYPROPERTIES('3Lvutnt1LUG8_9D9HsYME0',$,$,$,(#3361),#3364);
#3366=IFCCARTESIANPOINT((0.,0.,0.));
#3367=IFCDIRECTION((0.,0.,1.));
#3368=IFCDIRECTION((1.,0.,0.));
#3369=IFCAXIS2PLACEMENT3D(#3366,#3367,#3368);
#3370=IFCLOCALPLACEMENT(#2338,#3369);
#3371=IFCDOOR('02AqNRuJbRXucUJNAj2M5A',$,'D-OP10',$,$,#3370,$,$,2.1000000000000001,0.80000000000000004,$,$,$);
#3372=IFCRELFILLSELEMENT('2L6cIpAjfV5O3BIiHlKEuY',$,$,$,#2350,#3371);
#3373=IFCPROPERTYSINGLEVALUE('id',$,IFCLABEL('D-OP10'),$);
#3374=IFCPROPERTYSET('1UWyF3AlTKnBk_WXSJ1de4',$,'yaml-ifc',$,(#3373));
#3375=IFCRELDEFINESBYPROPERTIES('0KY8MXrgTHnQ6U6hvEJHau',$,$,$,(#3371),#3374);
#3376=IFCCARTESIANPOINT((0.,0.,0.));
#3377=IFCDIRECTION((0.,0.,1.));
#3378=IFCDIRECTION((1.,0.,0.));
#3379=IFCAXIS2PLACEMENT3D(#3376,#3377,#3378);
#3380=IFCLOCALPLACEMENT(#2363,#3379);
#3381=IFCDOOR('2te_UkOuTOLvVGaOWhR1hF',$,'D-OP11',$,$,#3380,$,$,2.1000000000000001,0.80000000000000004,$,$,$);
#3382=IFCRELFILLSELEMENT('0x00eofCDVXfn9rZwouzN8',$,$,$,#2375,#3381);
#3383=IFCPROPERTYSINGLEVALUE('id',$,IFCLABEL('D-OP11'),$);
#3384=IFCPROPERTYSET('1RXAVubvjRo8rgChqxtKnr',$,'yaml-ifc',$,(#3383));
#3385=IFCRELDEFINESBYPROPERTIES('14c308JiTOfBunz7na8Zxz',$,$,$,(#3381),#3384);
#3386=IFCCARTESIANPOINT((0.,0.,0.));
#3387=IFCDIRECTION((0.,0.,1.));
#3388=IFCDIRECTION((1.,0.,0.));
#3389=IFCAXIS2PLACEMENT3D(#3386,#3387,#3388);
#3390=IFCLOCALPLACEMENT(#2438,#3389);
#3391=IFCDOOR('1j87OXV8PVROsMWZDc23tv',$,'D-OP14',$,$,#3390,$,$,2.1000000000000001,0.80000000000000004,$,$,$);
#3392=IFCRELFILLSELEMENT('0WH8Xz12HUixOIZlosURSJ',$,$,$,#2450,#3391);
#3393=IFCPROPERTYSINGLEVALUE('id',$,IFCLABEL('D-OP14'),$);
#3394=IFCPROPERTYSET('1aUuPly8HI4xJ2b8FewtGa',$,'yaml-ifc',$,(#3393));
#3395=IFCRELDEFINESBYPROPERTIES('2HGELe0g1TR93OqRCQFN$s',$,$,$,(#3391),#3394);
#3396=IFCCARTESIANPOINT((0.,0.,0.));
#3397=IFCDIRECTION((0.,0.,1.));
#3398=IFCDIRECTION((1.,0.,0.));
#3399=IFCAXIS2PLACEMENT3D(#3396,#3397,#3398);
#3400=IFCLOCALPLACEMENT(#2513,#3399);
#3401=IFCDOOR('18CjLuhBrLOQhKIb_MBhKb',$,'D-OP17',$,$,#3400,$,$,2.1000000000000001,0.80000000000000004,$,$,$);
#3402=IFCRELFILLSELEMENT('1DeoGESarSkBIJmVQmSXXZ',$,$,$,#2525,#3401);
#3403=IFCPROPERTYSINGLEVALUE('id',$,IFCLABEL('D-OP17'),$);
#3404=IFCPROPERTYSET('0vybPkelbL8gZ7J0hHX$AZ',$,'yaml-ifc',$,(#3403));
#3405=IFCRELDEFINESBYPROPERTIES('0VTE04cVDRye21G5qZtFX0',$,$,$,(#3401),#3404);
#3406=IFCCARTESIANPOINT((0.,0.,0.));
#3407=IFCDIRECTION((0.,0.,1.));
#3408=IFCDIRECTION((1.,0.,0.));
#3409=IFCAXIS2PLACEMENT3D(#3406,#3407,#3408);
#3410=IFCLOCALPLACEMENT(#2538,#3409);
#3411=IFCDOOR('3k_eS_eTbOy968Bm2DQWh4',$,'D-OP18',$,$,#3410,$,$,2.1000000000000001,0.80000000000000004,$,$,$);
#3412=IFCRELFILLSELEMENT('0MGYR$9GvNNh5KZXU4KfRi',$,$,$,#2550,#3411);
#3413=IFCPROPERTYSINGLEVALUE('id',$,IFCLABEL('D-OP18'),$);
#3414=IFCPROPERTYSET('2a$jsmwAXNww7HWVvxTAZJ',$,'yaml-ifc',$,(#3413));
#3415=IFCRELDEFINESBYPROPERTIES('0QVQT$om9SqQMLFIS0r6Ip',$,$,$,(#3411),#3414);
#3416=IFCCARTESIANPOINT((0.,0.,0.));
#3417=IFCDIRECTION((0.,0.,1.));
#3418=IFCDIRECTION((1.,0.,0.));
#3419=IFCAXIS2PLACEMENT3D(#3416,#3417,#3418);
#3420=IFCLOCALPLACEMENT(#2563,#3419);
#3421=IFCDOOR('2sOeslppjSW92dcbPHg_S0',$,'D-OP19',$,$,#3420,$,$,2.1000000000000001,0.80000000000000004,$,$,$);
#3422=IFCRELFILLSELEMENT('3aOpkzufvKwuUV8HDH8W69',$,$,$,#2575,#3421);
#3423=IFCPROPERTYSINGLEVALUE('id',$,IFCLABEL('D-OP19'),$);
#3424=IFCPROPERTYSET('2lcaHUFjvH$BJGxEO1hkE9',$,'yaml-ifc',$,(#3423));
#3425=IFCRELDEFINESBYPROPERTIES('2vmou2WlrRb90khXtkcVJ2',$,$,$,(#3421),#3424);
#3426=IFCCARTESIANPOINT((0.,0.,0.));
#3427=IFCDIRECTION((0.,0.,1.));
#3428=IFCDIRECTION((1.,0.,0.));
#3429=IFCAXIS2PLACEMENT3D(#3426,#3427,#3428);
#3430=IFCLOCALPLACEMENT(#2589,#3429);
#3431=IFCDOOR('2MTQt2Mi9JKOVPS6skcZ70',$,'D-OP20',$,$,#3430,$,'D2',2.1499999999999999,0.84999999999999998,$,$,$);
#3432=IFCRELFILLSELEMENT('2jlhfAj1LS7wSXv6ZossRT',$,$,$,#2601,#3431);
#3433=IFCPROPERTYSINGLEVALUE('id',$,IFCLABEL('D-OP20'),$);
#3434=IFCPROPERTYSET('3p9CzcwG1Jlwsvjh390iia',$,'yaml-ifc',$,(#3433));
#3435=IFCRELDEFINESBYPROPERTIES('3ixgm4L7bRqu3RZvJR05Ai',$,$,$,(#3431),#3434);
#3436=IFCCARTESIANPOINT((0.,0.,0.));
#3437=IFCDIRECTION((0.,0.,1.));
#3438=IFCDIRECTION((1.,0.,0.));
#3439=IFCAXIS2PLACEMENT3D(#3436,#3437,#3438);
#3440=IFCLOCALPLACEMENT(#2639,#3439);
#3441=IFCDOOR('0u$sZ1advGw8fPo1anty5Z',$,'D-OP22',$,$,#3440,$,$,2.1000000000000001,0.80000000000000004,$,$,$);
#3442=IFCRELFILLSELEMENT('0ouk0l2bHVgxnizRmGzUP_',$,$,$,#2651,#3441);
#3443=IFCPROPERTYSINGLEVALUE('id',$,IFCLABEL('D-OP22'),$);
#3444=IFCPROPERTYSET('1fdnjFuV9P$RwmiJkMqZQU',$,'yaml-ifc',$,(#3443));
#3445=IFCRELDEFINESBYPROPERTIES('31li$ixbjVZ8pSkaN6NImF',$,$,$,(#3441),#3444);
#3446=IFCCARTESIANPOINT((0.,0.,0.));
#3447=IFCDIRECTION((0.,0.,1.));
#3448=IFCDIRECTION((1.,0.,0.));
#3449=IFCAXIS2PLACEMENT3D(#3446,#3447,#3448);
#3450=IFCLOCALPLACEMENT(#2664,#3449);
#3451=IFCDOOR('2FtLDt8H1RhRsXUk9RdqbS',$,'D-OP23',$,$,#3450,$,$,2.1000000000000001,0.80000000000000004,$,$,$);
#3452=IFCRELFILLSELEMENT('1qQIG5AJrM5PkD8LMG0XgN',$,$,$,#2676,#3451);
#3453=IFCPROPERTYSINGLEVALUE('id',$,IFCLABEL('D-OP23'),$);
#3454=IFCPROPERTYSET('1Q6hoI7FXJ1QuGqI6_Mjyt',$,'yaml-ifc',$,(#3453));
#3455=IFCRELDEFINESBYPROPERTIES('0gyX3pg6vPDwE7kljqisRV',$,$,$,(#3451),#3454);
#3456=IFCCARTESIANPOINT((0.,0.,0.));
#3457=IFCDIRECTION((0.,0.,1.));
#3458=IFCDIRECTION((1.,0.,0.));
#3459=IFCAXIS2PLACEMENT3D(#3456,#3457,#3458);
#3460=IFCLOCALPLACEMENT(#2689,#3459);
#3461=IFCDOOR('1ClFMCkqfVuhaqC$qyTM2U',$,'D-OP24',$,$,#3460,$,$,2.4500000000000002,1.1000000000000001,$,$,$);
#3462=IFCRELFILLSELEMENT('0fozffeRDQNxRgf$WYU5QT',$,$,$,#2701,#3461);
#3463=IFCPROPERTYSINGLEVALUE('id',$,IFCLABEL('D-OP24'),$);
#3464=IFCPROPERTYSET('1Niz071vPSG87$RsBZPZLC',$,'yaml-ifc',$,(#3463));
#3465=IFCRELDEFINESBYPROPERTIES('2FGDgz1UTTf9LEDqsxG3HC',$,$,$,(#3461),#3464);
#3466=IFCCARTESIANPOINT((0.,0.,0.));
#3467=IFCDIRECTION((0.,0.,1.));
#3468=IFCDIRECTION((1.,0.,0.));
#3469=IFCAXIS2PLACEMENT3D(#3466,#3467,#3468);
#3470=IFCLOCALPLACEMENT(#2714,#3469);
#3471=IFCDOOR('1HzXWKVEfIH9gfMS1AE7Mn',$,'D-OP25',$,$,#3470,$,$,2.4500000000000002,1.1000000000000001,$,$,$);
#3472=IFCRELFILLSELEMENT('2aZM3MxB5GCec7lFP2$lcZ',$,$,$,#2726,#3471);
#3473=IFCPROPERTYSINGLEVALUE('id',$,IFCLABEL('D-OP25'),$);
#3474=IFCPROPERTYSET('3$jEjocujUv96nBt6D7G6z',$,'yaml-ifc',$,(#3473));
#3475=IFCRELDEFINESBYPROPERTIES('1rovSlK8jOOA_hPjpRKlEE',$,$,$,(#3471),#3474);
#3476=IFCCARTESIANPOINT((0.,0.,0.));
#3477=IFCDIRECTION((0.,0.,1.));
#3478=IFCDIRECTION((1.,0.,0.));
#3479=IFCAXIS2PLACEMENT3D(#3476,#3477,#3478);
#3480=IFCLOCALPLACEMENT(#2865,#3479);
#3481=IFCDOOR('26dOdU04DPWB7fRJlBWinK',$,'D-OP32',$,$,#3480,$,$,2.5,1.1499999999999999,$,$,$);
#3482=IFCRELFILLSELEMENT('0BI3MsbmTJqwl1AZtrdyzC',$,$,$,#2877,#3481);
#3483=IFCPROPERTYSINGLEVALUE('id',$,IFCLABEL('D-OP32'),$);
#3484=IFCPROPERTYSET('17IzSyRu5JDB7AbpyUxVmE',$,'yaml-ifc',$,(#3483));
#3485=IFCRELDEFINESBYPROPERTIES('0g59ZH1YvRReWtPAtfEoX2',$,$,$,(#3481),#3484);
#3486=IFCCARTESIANPOINT((0.,0.,0.));
#3487=IFCDIRECTION((0.,0.,1.));
#3488=IFCDIRECTION((1.,0.,0.));
#3489=IFCAXIS2PLACEMENT3D(#3486,#3487,#3488);
#3490=IFCLOCALPLACEMENT(#2890,#3489);
#3491=IFCDOOR('3yzJ3ez6XO5eThjHluyN_X',$,'D-OP33',$,$,#3490,$,$,2.4500000000000002,1.1000000000000001,$,$,$);
#3492=IFCRELFILLSELEMENT('1cmlci0YnTcOZ2u_tKF_Yj',$,$,$,#2902,#3491);
#3493=IFCPROPERTYSINGLEVALUE('id',$,IFCLABEL('D-OP33'),$);
#3494=IFCPROPERTYSET('0QY0SGX6LKyP8ujiou4Eut',$,'yaml-ifc',$,(#3493));
#3495=IFCRELDEFINESBYPROPERTIES('2WmMRpt1DUXhNPelgdq4wx',$,$,$,(#3491),#3494);
#3496=IFCCARTESIANPOINT((0.,0.,0.));
#3497=IFCDIRECTION((0.,0.,1.));
#3498=IFCDIRECTION((1.,0.,0.));
#3499=IFCAXIS2PLACEMENT3D(#3496,#3497,#3498);
#3500=IFCLOCALPLACEMENT(#2915,#3499);
#3501=IFCDOOR('1K$WSq1$TMlxltiAIiPlSi',$,'D-OP34',$,$,#3500,$,$,2.1000000000000001,0.80000000000000004,$,$,$);
#3502=IFCRELFILLSELEMENT('1FZNC$NiTGRxKS9pAUAud2',$,$,$,#2927,#3501);
#3503=IFCPROPERTYSINGLEVALUE('id',$,IFCLABEL('D-OP34'),$);
#3504=IFCPROPERTYSET('3jhX386DPNpuQxgu3pUt_X',$,'yaml-ifc',$,(#3503));
#3505=IFCRELDEFINESBYPROPERTIES('12IzBQzZrSDfAuMDzDO9pt',$,$,$,(#3501),#3504);
#3506=IFCCARTESIANPOINT((0.,0.,0.));
#3507=IFCDIRECTION((0.,0.,1.));
#3508=IFCDIRECTION((1.,0.,0.));
#3509=IFCAXIS2PLACEMENT3D(#3506,#3507,#3508);
#3510=IFCLOCALPLACEMENT(#2990,#3509);
#3511=IFCDOOR('3H834gVDvRVhuphhaPmFsy',$,'D-OP37',$,$,#3510,$,$,2.1000000000000001,0.80000000000000004,$,$,$);
#3512=IFCRELFILLSELEMENT('1IgK1GTjbS2ed0qpR2lOX5',$,$,$,#3002,#3511);
#3513=IFCPROPERTYSINGLEVALUE('id',$,IFCLABEL('D-OP37'),$);
#3514=IFCPROPERTYSET('2l6Z1ZUffNw92b$tdMes1u',$,'yaml-ifc',$,(#3513));
#3515=IFCRELDEFINESBYPROPERTIES('3pJra4Ge9JZQ0AlOwrwhhB',$,$,$,(#3511),#3514);
#3516=IFCCARTESIANPOINT((0.,0.,0.));
#3517=IFCDIRECTION((0.,0.,1.));
#3518=IFCDIRECTION((1.,0.,0.));
#3519=IFCAXIS2PLACEMENT3D(#3516,#3517,#3518);
#3520=IFCLOCALPLACEMENT(#3015,#3519);
#3521=IFCDOOR('3Y394QTTfP_fzV5BgU1zLX',$,'D-OP38',$,$,#3520,$,$,2.3999999999999999,0.90000000000000002,$,$,$);
#3522=IFCRELFILLSELEMENT('3EpCJXJkrNuPJTg3FRcslp',$,$,$,#3027,#3521);
#3523=IFCPROPERTYSINGLEVALUE('id',$,IFCLABEL('D-OP38'),$);
#3524=IFCPROPERTYSET('1qMF6vTd9HvgHlDSdpNCPG',$,'yaml-ifc',$,(#3523));
#3525=IFCRELDEFINESBYPROPERTIES('0nB19vy$bL18oX021bjvU0',$,$,$,(#3521),#3524);
#3526=IFCCARTESIANPOINT((0.,0.,0.));
#3527=IFCDIRECTION((0.,0.,1.));
#3528=IFCDIRECTION((1.,0.,0.));
#3529=IFCAXIS2PLACEMENT3D(#3526,#3527,#3528);
#3530=IFCLOCALPLACEMENT(#3040,#3529);
#3531=IFCDOOR('2zdx8L1djUfQTZy8u9ETqw',$,'D-OP39a',$,$,#3530,$,$,2.1499999999999999,1.,$,$,$);
#3532=IFCRELFILLSELEMENT('3cRRlE45nLPuTiFOwYW1SR',$,$,$,#3052,#3531);
#3533=IFCPROPERTYSINGLEVALUE('id',$,IFCLABEL('D-OP39a'),$);
#3534=IFCPROPERTYSET('3woQ98og1T5gBw9yyziIVC',$,'yaml-ifc',$,(#3533));
#3535=IFCRELDEFINESBYPROPERTIES('1MeWG7hdbKKPfMWXs_ebwg',$,$,$,(#3531),#3534);
#3536=IFCCARTESIANPOINT((0.,0.,0.));
#3537=IFCDIRECTION((0.,0.,1.));
#3538=IFCDIRECTION((1.,0.,0.));
#3539=IFCAXIS2PLACEMENT3D(#3536,#3537,#3538);
#3540=IFCLOCALPLACEMENT(#3090,#3539);
#3541=IFCDOOR('1iPf4KSzTTAvZKldLK2B2Q',$,'D-OP40',$,$,#3540,$,$,2.1000000000000001,0.80000000000000004,$,$,$);
#3542=IFCRELFILLSELEMENT('2FOrYy45XJzQpuLrvPLkhq',$,$,$,#3102,#3541);
#3543=IFCPROPERTYSINGLEVALUE('id',$,IFCLABEL('D-OP40'),$);
#3544=IFCPROPERTYSET('2ItNcWY1nVIg6rtYKrTVMM',$,'yaml-ifc',$,(#3543));
#3545=IFCRELDEFINESBYPROPERTIES('20PIGtk65UzRs_sA9rUs2I',$,$,$,(#3541),#3544);
#3546=IFCCARTESIANPOINT((0.,0.,0.));
#3547=IFCDIRECTION((0.,0.,1.));
#3548=IFCDIRECTION((1.,0.,0.));
#3549=IFCAXIS2PLACEMENT3D(#3546,#3547,#3548);
#3550=IFCLOCALPLACEMENT(#3115,#3549);
#3551=IFCDOOR('0Ek6CblgDI_Pm$st6k85o3',$,'D-OP41',$,$,#3550,$,$,2.1499999999999999,0.84999999999999998,$,$,$);
#3552=IFCRELFILLSELEMENT('138CEaXJXJjwjnMfyVtLuG',$,$,$,#3127,#3551);
#3553=IFCPROPERTYSINGLEVALUE('id',$,IFCLABEL('D-OP41'),$);
#3554=IFCPROPERTYSET('2O7CRVGsHSZ82PsAUHTwjr',$,'yaml-ifc',$,(#3553));
#3555=IFCRELDEFINESBYPROPERTIES('0isrZsOejSXOWkCwBh1AoJ',$,$,$,(#3551),#3554);
#3556=IFCCARTESIANPOINT((0.,0.,0.));
#3557=IFCDIRECTION((0.,0.,1.));
#3558=IFCDIRECTION((1.,0.,0.));
#3559=IFCAXIS2PLACEMENT3D(#3556,#3557,#3558);
#3560=IFCLOCALPLACEMENT(#3290,#3559);
#3561=IFCDOOR('0wqpHa2dDJ_eDTAuZo8WJn',$,'D-OP49',$,$,#3560,$,'D6',2.25,2.1000000000000001,$,$,$);
#3562=IFCRELFILLSELEMENT('1EAp_uDm9GWvitMt$H4pQH',$,$,$,#3302,#3561);
#3563=IFCPROPERTYSINGLEVALUE('id',$,IFCLABEL('D-OP49'),$);
#3564=IFCPROPERTYSET('1wpp94jk9L$xYUcp5AbWAt',$,'yaml-ifc',$,(#3563));
#3565=IFCRELDEFINESBYPROPERTIES('1ce3Zlif9UqvolF068kKaa',$,$,$,(#3561),#3564);
#3566=IFCCARTESIANPOINT((0.,0.,0.));
#3567=IFCDIRECTION((0.,0.,1.));
#3568=IFCDIRECTION((1.,0.,0.));
#3569=IFCAXIS2PLACEMENT3D(#3566,#3567,#3568);
#3570=IFCLOCALPLACEMENT(#3315,#3569);
#3571=IFCDOOR('11WSzlVwPPAfIoaIjUaX$t',$,'D-OP50',$,$,#3570,$,'D5',2.25,5.1500000000000004,$,$,$);
#3572=IFCRELFILLSELEMENT('3f7ipArm5SNRxRhAWWdYxw',$,$,$,#3327,#3571);
#3573=IFCPROPERTYSINGLEVALUE('id',$,IFCLABEL('D-OP50'),$);
#3574=IFCPROPERTYSET('2udU9ZchfSQODxYXQemvKR',$,'yaml-ifc',$,(#3573));
#3575=IFCRELDEFINESBYPROPERTIES('2ocIHOsEPQCONU_5Gm2SZh',$,$,$,(#3571),#3574);
#3576=IFCCARTESIANPOINT((0.,0.,0.));
#3577=IFCDIRECTION((0.,0.,1.));
#3578=IFCDIRECTION((1.,0.,0.));
#3579=IFCAXIS2PLACEMENT3D(#3576,#3577,#3578);
#3580=IFCLOCALPLACEMENT(#2113,#3579);
#3581=IFCWINDOW('2VNRT$8WbRKQU7WYSY1vYy',$,'WIN-OP01',$,$,#3580,$,'O3',2.5,2.3999999999999999,$,$,$);
#3582=IFCRELFILLSELEMENT('0M1nspZnbS4wpc4jUB2Xc_',$,$,$,#2125,#3581);
#3583=IFCPROPERTYSINGLEVALUE('id',$,IFCLABEL('WIN-OP01'),$);
#3584=IFCPROPERTYSET('1aRgepEMDIrvZBzrx_VpWu',$,'yaml-ifc',$,(#3583));
#3585=IFCRELDEFINESBYPROPERTIES('2zFKF2iibV4eD2hSjAKt3P',$,$,$,(#3581),#3584);
#3586=IFCCARTESIANPOINT((0.,0.,0.));
#3587=IFCDIRECTION((0.,0.,1.));
#3588=IFCDIRECTION((1.,0.,0.));
#3589=IFCAXIS2PLACEMENT3D(#3586,#3587,#3588);
#3590=IFCLOCALPLACEMENT(#2138,#3589);
#3591=IFCWINDOW('2lynGRJcXGXAe8LF1gJxdP',$,'WIN-OP02',$,$,#3590,$,'O4',2.5,0.90000000000000002,$,$,$);
#3592=IFCRELFILLSELEMENT('3B9yknkSvJLQLFPYiLwlzy',$,$,$,#2150,#3591);
#3593=IFCPROPERTYSINGLEVALUE('id',$,IFCLABEL('WIN-OP02'),$);
#3594=IFCPROPERTYSET('3dbnTJ$UbNgRklSFC7O6Kv',$,'yaml-ifc',$,(#3593));
#3595=IFCRELDEFINESBYPROPERTIES('0GqauVnIjVSOfvajb$OvJ6',$,$,$,(#3591),#3594);
#3596=IFCCARTESIANPOINT((0.,0.,0.));
#3597=IFCDIRECTION((0.,0.,1.));
#3598=IFCDIRECTION((1.,0.,0.));
#3599=IFCAXIS2PLACEMENT3D(#3596,#3597,#3598);
#3600=IFCLOCALPLACEMENT(#2188,#3599);
#3601=IFCWINDOW('39RLb1a45IZOVNPC04rbcH',$,'WIN-OP04',$,$,#3600,$,'O5',0.75,1.6000000000000001,$,$,$);
#3602=IFCRELFILLSELEMENT('3wTTX1g4TTuvDYFqP_rPOL',$,$,$,#2200,#3601);
#3603=IFCPROPERTYSINGLEVALUE('id',$,IFCLABEL('WIN-OP04'),$);
#3604=IFCPROPERTYSET('3hQtlcvzPUmhR0ySGpGjfY',$,'yaml-ifc',$,(#3603));
#3605=IFCRELDEFINESBYPROPERTIES('2zN7OKKsDLc8B$ouu89C43',$,$,$,(#3601),#3604);
#3606=IFCCARTESIANPOINT((0.,0.,0.));
#3607=IFCDIRECTION((0.,0.,1.));
#3608=IFCDIRECTION((1.,0.,0.));
#3609=IFCAXIS2PLACEMENT3D(#3606,#3607,#3608);
#3610=IFCLOCALPLACEMENT(#2213,#3609);
#3611=IFCWINDOW('2hwU79x2zIvhWgycPD8pM4',$,'WIN-OP05',$,$,#3610,$,'O2',2.5,2.25,$,$,$);
#3612=IFCRELFILLSELEMENT('1f8zgOaYvSLhfOGB6P4NRa',$,$,$,#2225,#3611);
#3613=IFCPROPERTYSINGLEVALUE('id',$,IFCLABEL('WIN-OP05'),$);
#3614=IFCPROPERTYSET('1WKlhqjjHLRuqCDC5tN3Q7',$,'yaml-ifc',$,(#3613));
#3615=IFCRELDEFINESBYPROPERTIES('3Zk$svxsLL78RNT2OADeKS',$,$,$,(#3611),#3614);
#3616=IFCCARTESIANPOINT((0.,0.,0.));
#3617=IFCDIRECTION((0.,0.,1.));
#3618=IFCDIRECTION((1.,0.,0.));
#3619=IFCAXIS2PLACEMENT3D(#3616,#3617,#3618);
#3620=IFCLOCALPLACEMENT(#2263,#3619);
#3621=IFCWINDOW('3RXm12H9DGxeapGmr595VX',$,'WIN-OP07',$,$,#3620,$,'O5',0.75,1.6000000000000001,$,$,$);
#3622=IFCRELFILLSELEMENT('3aOr6lFtHMaRmBuLY5g5ab',$,$,$,#2275,#3621);
#3623=IFCPROPERTYSINGLEVALUE('id',$,IFCLABEL('WIN-OP07'),$);
#3624=IFCPROPERTYSET('0ouPT70tLGX87z0$hTSr60',$,'yaml-ifc',$,(#3623));
#3625=IFCRELDEFINESBYPROPERTIES('3T1rbuq61KM9kN70mOI4Bh',$,$,$,(#3621),#3624);
#3626=IFCCARTESIANPOINT((0.,0.,0.));
#3627=IFCDIRECTION((0.,0.,1.));
#3628=IFCDIRECTION((1.,0.,0.));
#3629=IFCAXIS2PLACEMENT3D(#3626,#3627,#3628);
#3630=IFCLOCALPLACEMENT(#2288,#3629);
#3631=IFCWINDOW('1PItrvTA9NVOlbRpL2bQjL',$,'WIN-OP08',$,$,#3630,$,'O2',2.5,2.1499999999999999,$,$,$);
#3632=IFCRELFILLSELEMENT('2xk9DcurrRu9UwDPzD03j7',$,$,$,#2300,#3631);
#3633=IFCPROPERTYSINGLEVALUE('id',$,IFCLABEL('WIN-OP08'),$);
#3634=IFCPROPERTYSET('00b6tTDKnPSwZZOQH6EBW1',$,'yaml-ifc',$,(#3633));
#3635=IFCRELDEFINESBYPROPERTIES('30R28Id3bKiQs_WwdnDY99',$,$,$,(#3631),#3634);
#3636=IFCCARTESIANPOINT((0.,0.,0.));
#3637=IFCDIRECTION((0.,0.,1.));
#3638=IFCDIRECTION((1.,0.,0.));
#3639=IFCAXIS2PLACEMENT3D(#3636,#3637,#3638);
#3640=IFCLOCALPLACEMENT(#2388,#3639);
#3641=IFCWINDOW('3fLeXtyT9JBOquJ3XTb97$',$,'WIN-OP12',$,$,#3640,$,'O6',0.75,0.90000000000000002,$,$,$);
#3642=IFCRELFILLSELEMENT('0BTVyZsXrKBxpropnPKyQG',$,$,$,#2400,#3641);
#3643=IFCPROPERTYSINGLEVALUE('id',$,IFCLABEL('WIN-OP12'),$);
#3644=IFCPROPERTYSET('3iKGCXQf9O6OpHEGOsbjyj',$,'yaml-ifc',$,(#3643));
#3645=IFCRELDEFINESBYPROPERTIES('1tj9Vv75fSCxyOaZR9N2Fz',$,$,$,(#3641),#3644);
#3646=IFCCARTESIANPOINT((0.,0.,0.));
#3647=IFCDIRECTION((0.,0.,1.));
#3648=IFCDIRECTION((1.,0.,0.));
#3649=IFCAXIS2PLACEMENT3D(#3646,#3647,#3648);
#3650=IFCLOCALPLACEMENT(#2413,#3649);
#3651=IFCWINDOW('0lH5rlMsfI1A$iWJ6GnlLh',$,'WIN-OP13',$,$,#3650,$,'O2',2.5,2.1499999999999999,$,$,$);
#3652=IFCRELFILLSELEMENT('1kMur9K7PMZBjsCLUPldYW',$,$,$,#2425,#3651);
#3653=IFCPROPERTYSINGLEVALUE('id',$,IFCLABEL('WIN-OP13'),$);
#3654=IFCPROPERTYSET('0GbPnbL_1I7wdJ9pJSBQfB',$,'yaml-ifc',$,(#3653));
#3655=IFCRELDEFINESBYPROPERTIES('0bWErJjiHOxAwvzYGzdn2m',$,$,$,(#3651),#3654);
#3656=IFCCARTESIANPOINT((0.,0.,0.));
#3657=IFCDIRECTION((0.,0.,1.));
#3658=IFCDIRECTION((1.,0.,0.));
#3659=IFCAXIS2PLACEMENT3D(#3656,#3657,#3658);
#3660=IFCLOCALPLACEMENT(#2463,#3659);
#3661=IFCWINDOW('1NG7nmJ0zSFQA7zeYvf9VU',$,'WIN-OP15',$,$,#3660,$,'O7',0.75,2.8999999999999999,$,$,$);
#3662=IFCRELFILLSELEMENT('36Keg7PMPSigPcHidUXRU3',$,$,$,#2475,#3661);
#3663=IFCPROPERTYSINGLEVALUE('id',$,IFCLABEL('WIN-OP15'),$);
#3664=IFCPROPERTYSET('3AX7Ze379N9R4AnYYjuQPe',$,'yaml-ifc',$,(#3663));
#3665=IFCRELDEFINESBYPROPERTIES('1mKdjZuALSrwYSW7Hblb81',$,$,$,(#3661),#3664);
#3666=IFCCARTESIANPOINT((0.,0.,0.));
#3667=IFCDIRECTION((0.,0.,1.));
#3668=IFCDIRECTION((1.,0.,0.));
#3669=IFCAXIS2PLACEMENT3D(#3666,#3667,#3668);
#3670=IFCLOCALPLACEMENT(#2488,#3669);
#3671=IFCWINDOW('16PPWxWibPff1qPvA$iWnt',$,'WIN-OP16',$,$,#3670,$,'O2',2.5,2.1499999999999999,$,$,$);
#3672=IFCRELFILLSELEMENT('29adaFDX9K1B07ZRqqTwIh',$,$,$,#2500,#3671);
#3673=IFCPROPERTYSINGLEVALUE('id',$,IFCLABEL('WIN-OP16'),$);
#3674=IFCPROPERTYSET('31Q8o$ElfLW8bjFh9aW5Ma',$,'yaml-ifc',$,(#3673));
#3675=IFCRELDEFINESBYPROPERTIES('0cXi0eaVzRhvSVC7jg20dS',$,$,$,(#3671),#3674);
#3676=IFCCARTESIANPOINT((0.,0.,0.));
#3677=IFCDIRECTION((0.,0.,1.));
#3678=IFCDIRECTION((1.,0.,0.));
#3679=IFCAXIS2PLACEMENT3D(#3676,#3677,#3678);
#3680=IFCLOCALPLACEMENT(#2614,#3679);
#3681=IFCWINDOW('2WUIRF9VjTfvPGSnrAieUo',$,'WIN-OP21',$,$,#3680,$,'O1',2.5,3.5499999999999998,$,$,$);
#3682=IFCRELFILLSELEMENT('0pFKsbaizMLxSvPW7vkb5u',$,$,$,#2626,#3681);
#3683=IFCPROPERTYSINGLEVALUE('id',$,IFCLABEL('WIN-OP21'),$);
#3684=IFCPROPERTYSET('0ihy$kd75Sf8ZA0K8llLbn',$,'yaml-ifc',$,(#3683));
#3685=IFCRELDEFINESBYPROPERTIES('3fOJWPoXDMn95Y1cP7ACfO',$,$,$,(#3681),#3684);
#3686=IFCCARTESIANPOINT((0.,0.,0.));
#3687=IFCDIRECTION((0.,0.,1.));
#3688=IFCDIRECTION((1.,0.,0.));
#3689=IFCAXIS2PLACEMENT3D(#3686,#3687,#3688);
#3690=IFCLOCALPLACEMENT(#2739,#3689);
#3691=IFCWINDOW('2QPFN7etbVZPZLklZRWbnC',$,'WIN-OP26',$,$,#3690,$,$,2.5,1.1499999999999999,$,$,$);
#3692=IFCRELFILLSELEMENT('2gVE21ui9VRxrJbn$MgPbK',$,$,$,#2751,#3691);
#3693=IFCPROPERTYSINGLEVALUE('id',$,IFCLABEL('WIN-OP26'),$);
#3694=IFCPROPERTYSET('1mZz2eJELVfAGaNaaeKxCP',$,'yaml-ifc',$,(#3693));
#3695=IFCRELDEFINESBYPROPERTIES('0e5g5Fg9fTRg3ERNDS0HCS',$,$,$,(#3691),#3694);
#3696=IFCCARTESIANPOINT((0.,0.,0.));
#3697=IFCDIRECTION((0.,0.,1.));
#3698=IFCDIRECTION((1.,0.,0.));
#3699=IFCAXIS2PLACEMENT3D(#3696,#3697,#3698);
#3700=IFCLOCALPLACEMENT(#2764,#3699);
#3701=IFCWINDOW('1TJeYIb2PGkhgzsH59vCNP',$,'WIN-OP27',$,$,#3700,$,$,$,2.4500000000000002,$,$,$);
#3702=IFCRELFILLSELEMENT('3CH5GD3rPLtgRc$THOs4e0',$,$,$,#2765,#3701);
#3703=IFCPROPERTYSINGLEVALUE('id',$,IFCLABEL('WIN-OP27'),$);
#3704=IFCPROPERTYSET('3Vq9QARxXGZvrKzL0oqVmn',$,'yaml-ifc',$,(#3703));
#3705=IFCRELDEFINESBYPROPERTIES('0CDE8Hz4DHCf6zscPfulTr',$,$,$,(#3701),#3704);
#3706=IFCCARTESIANPOINT((0.,0.,0.));
#3707=IFCDIRECTION((0.,0.,1.));
#3708=IFCDIRECTION((1.,0.,0.));
#3709=IFCAXIS2PLACEMENT3D(#3706,#3707,#3708);
#3710=IFCLOCALPLACEMENT(#2777,#3709);
#3711=IFCWINDOW('3Phvgsz_TJMBIFNUZ1xrpq',$,'WIN-OP28',$,$,#3710,$,'O11',2.5,4.4000000000000004,$,$,$);
#3712=IFCRELFILLSELEMENT('0SP8bEsl5Lhfe_VipM6dfF',$,$,$,#2789,#3711);
#3713=IFCPROPERTYSINGLEVALUE('id',$,IFCLABEL('WIN-OP28'),$);
#3714=IFCPROPERTYSET('35Wxr5vI9LaRl9B3r_wmb3',$,'yaml-ifc',$,(#3713));
#3715=IFCRELDEFINESBYPROPERTIES('2O$uthU2DIShrqc2hew6v7',$,$,$,(#3711),#3714);
#3716=IFCCARTESIANPOINT((0.,0.,0.));
#3717=IFCDIRECTION((0.,0.,1.));
#3718=IFCDIRECTION((1.,0.,0.));
#3719=IFCAXIS2PLACEMENT3D(#3716,#3717,#3718);
#3720=IFCLOCALPLACEMENT(#2802,#3719);
#3721=IFCWINDOW('0VSEwR2yPSWQ8B0zZaLTgd',$,'WIN-OP29',$,$,#3720,$,$,$,2.4500000000000002,$,$,$);
#3722=IFCRELFILLSELEMENT('3cvygtHjHMbBjTqh5TQ3xZ',$,$,$,#2803,#3721);
#3723=IFCPROPERTYSINGLEVALUE('id',$,IFCLABEL('WIN-OP29'),$);
#3724=IFCPROPERTYSET('2r$51O6rXGGx$yzOyAYXpu',$,'yaml-ifc',$,(#3723));
#3725=IFCRELDEFINESBYPROPERTIES('2NQcGsGsbIQw9E9jGGf3dz',$,$,$,(#3721),#3724);
#3726=IFCCARTESIANPOINT((0.,0.,0.));
#3727=IFCDIRECTION((0.,0.,1.));
#3728=IFCDIRECTION((1.,0.,0.));
#3729=IFCAXIS2PLACEMENT3D(#3726,#3727,#3728);
#3730=IFCLOCALPLACEMENT(#2815,#3729);
#3731=IFCWINDOW('04jQSZzgnPK9a6xw4WVY4K',$,'WIN-OP30',$,$,#3730,$,$,0.75,1.8999999999999999,$,$,$);
#3732=IFCRELFILLSELEMENT('3x44sYBP1Pwhut06QctDug',$,$,$,#2827,#3731);
#3733=IFCPROPERTYSINGLEVALUE('id',$,IFCLABEL('WIN-OP30'),$);
#3734=IFCPROPERTYSET('0QEiXPfeDUfQtJax3eEP7b',$,'yaml-ifc',$,(#3733));
#3735=IFCRELDEFINESBYPROPERTIES('1gF5BQCDDHLeeT$NJ96fNr',$,$,$,(#3731),#3734);
#3736=IFCCARTESIANPOINT((0.,0.,0.));
#3737=IFCDIRECTION((0.,0.,1.));
#3738=IFCDIRECTION((1.,0.,0.));
#3739=IFCAXIS2PLACEMENT3D(#3736,#3737,#3738);
#3740=IFCLOCALPLACEMENT(#2840,#3739);
#3741=IFCWINDOW('2dxYxuSQPVK8FsCDKhg_Ot',$,'WIN-OP31',$,$,#3740,$,$,0.75,0.90000000000000002,$,$,$);
#3742=IFCRELFILLSELEMENT('0zYqLzX$9MxwdqSc52bepd',$,$,$,#2852,#3741);
#3743=IFCPROPERTYSINGLEVALUE('id',$,IFCLABEL('WIN-OP31'),$);
#3744=IFCPROPERTYSET('3V19iTXrrM6BHMA3hbFtfZ',$,'yaml-ifc',$,(#3743));
#3745=IFCRELDEFINESBYPROPERTIES('1RuC5dfTvLuh$swfcSah0m',$,$,$,(#3741),#3744);
#3746=IFCCARTESIANPOINT((0.,0.,0.));
#3747=IFCDIRECTION((0.,0.,1.));
#3748=IFCDIRECTION((1.,0.,0.));
#3749=IFCAXIS2PLACEMENT3D(#3746,#3747,#3748);
#3750=IFCLOCALPLACEMENT(#2940,#3749);
#3751=IFCWINDOW('15e6xuikjM4Qjqh_SBFdA1',$,'WIN-OP35',$,$,#3750,$,'O10',2.5,3.1000000000000001,$,$,$);
#3752=IFCRELFILLSELEMENT('2cXmrynO1TBu7Ba4itMqnx',$,$,$,#2952,#3751);
#3753=IFCPROPERTYSINGLEVALUE('id',$,IFCLABEL('WIN-OP35'),$);
#3754=IFCPROPERTYSET('1MrOjUml1TogLdcDLpMpqW',$,'yaml-ifc',$,(#3753));
#3755=IFCRELDEFINESBYPROPERTIES('3B98Rvn2vSCvujRNpAcyJV',$,$,$,(#3751),#3754);
#3756=IFCCARTESIANPOINT((0.,0.,0.));
#3757=IFCDIRECTION((0.,0.,1.));
#3758=IFCDIRECTION((1.,0.,0.));
#3759=IFCAXIS2PLACEMENT3D(#3756,#3757,#3758);
#3760=IFCLOCALPLACEMENT(#3065,#3759);
#3761=IFCWINDOW('1OMcWCHRnH0gG6N$Aetvuz',$,'WIN-OP39b',$,$,#3760,$,$,2.5,1.1000000000000001,$,$,$);
#3762=IFCRELFILLSELEMENT('290fcNRqfTB8qJoFxOpylD',$,$,$,#3077,#3761);
#3763=IFCPROPERTYSINGLEVALUE('id',$,IFCLABEL('WIN-OP39b'),$);
#3764=IFCPROPERTYSET('2lqV0FYFnJzBpEvPgbv2fu',$,'yaml-ifc',$,(#3763));
#3765=IFCRELDEFINESBYPROPERTIES('38kdkcnZrSHgbmERJGpN00',$,$,$,(#3761),#3764);
#3766=IFCCARTESIANPOINT((0.,0.,0.));
#3767=IFCDIRECTION((0.,0.,1.));
#3768=IFCDIRECTION((1.,0.,0.));
#3769=IFCAXIS2PLACEMENT3D(#3766,#3767,#3768);
#3770=IFCLOCALPLACEMENT(#3140,#3769);
#3771=IFCWINDOW('0DnBf8cubJ7gNJoZNA06Qr',$,'WIN-OP42',$,$,#3770,$,'O8',0.75,2.8999999999999999,$,$,$);
#3772=IFCRELFILLSELEMENT('3KbeK7ZbrGNfF12f3dFHut',$,$,$,#3152,#3771);
#3773=IFCPROPERTYSINGLEVALUE('id',$,IFCLABEL('WIN-OP42'),$);
#3774=IFCPROPERTYSET('0xsE$UdJHMHxLbHN1RqKXL',$,'yaml-ifc',$,(#3773));
#3775=IFCRELDEFINESBYPROPERTIES('1OCjd_72bO7hYye7SPQRys',$,$,$,(#3771),#3774);
#3776=IFCCARTESIANPOINT((0.,0.,0.));
#3777=IFCDIRECTION((0.,0.,1.));
#3778=IFCDIRECTION((1.,0.,0.));
#3779=IFCAXIS2PLACEMENT3D(#3776,#3777,#3778);
#3780=IFCLOCALPLACEMENT(#3190,#3779);
#3781=IFCWINDOW('3z2YWNRxfRMe6IJ$ttI$B$',$,'WIN-OP45',$,$,#3780,$,'O9',0.75,1.6000000000000001,$,$,$);
#3782=IFCRELFILLSELEMENT('1q34pmU_HNhhywkEDvQCXT',$,$,$,#3202,#3781);
#3783=IFCPROPERTYSINGLEVALUE('id',$,IFCLABEL('WIN-OP45'),$);
#3784=IFCPROPERTYSET('1ho9lI4nbKTPJ6SWC687YV',$,'yaml-ifc',$,(#3783));
#3785=IFCRELDEFINESBYPROPERTIES('10cslYtRDUowCFNWeohWIb',$,$,$,(#3781),#3784);
#3786=IFCCARTESIANPOINT((0.,0.,0.));
#3787=IFCDIRECTION((0.,0.,1.));
#3788=IFCDIRECTION((1.,0.,0.));
#3789=IFCAXIS2PLACEMENT3D(#3786,#3787,#3788);
#3790=IFCLOCALPLACEMENT(#3215,#3789);
#3791=IFCWINDOW('1Ba9cz6zLTGgKJtyq9VXu1',$,'WIN-OP46',$,$,#3790,$,'O9',0.75,1.6000000000000001,$,$,$);
#3792=IFCRELFILLSELEMENT('1hOgTBhF5GzvdrpTpsnJTt',$,$,$,#3227,#3791);
#3793=IFCPROPERTYSINGLEVALUE('id',$,IFCLABEL('WIN-OP46'),$);
#3794=IFCPROPERTYSET('06_83TeN9OEB2hvjPkU1Zp',$,'yaml-ifc',$,(#3793));
#3795=IFCRELDEFINESBYPROPERTIES('2GxalYj1jUvQrILQCRAuHz',$,$,$,(#3791),#3794);
#3796=IFCCARTESIANPOINT((0.,0.,0.));
#3797=IFCDIRECTION((0.,0.,1.));
#3798=IFCDIRECTION((1.,0.,0.));
#3799=IFCAXIS2PLACEMENT3D(#3796,#3797,#3798);
#3800=IFCLOCALPLACEMENT(#3240,#3799);
#3801=IFCWINDOW('1FVBchO75NaB2hdS6wTIxH',$,'WIN-OP47',$,$,#3800,$,'O9',0.75,1.6000000000000001,$,$,$);
#3802=IFCRELFILLSELEMENT('1BXWrJ9uLMNBRwhKGVAye7',$,$,$,#3252,#3801);
#3803=IFCPROPERTYSINGLEVALUE('id',$,IFCLABEL('WIN-OP47'),$);
#3804=IFCPROPERTYSET('2cVK2LRYjUghIZnaMHXvjs',$,'yaml-ifc',$,(#3803));
#3805=IFCRELDEFINESBYPROPERTIES('1QE_fuT8rPlwaqnjUQAwyS',$,$,$,(#3801),#3804);
#3806=IFCCARTESIANPOINT((0.,0.,0.));
#3807=IFCDIRECTION((0.,0.,1.));
#3808=IFCDIRECTION((1.,0.,0.));
#3809=IFCAXIS2PLACEMENT3D(#3806,#3807,#3808);
#3810=IFCLOCALPLACEMENT(#3265,#3809);
#3811=IFCWINDOW('2e9YTbt_THaPvOn3IBzizQ',$,'WIN-OP48',$,$,#3810,$,'O9',0.75,1.6000000000000001,$,$,$);
#3812=IFCRELFILLSELEMENT('2JndIAMpPODfwRHTDi2iNS',$,$,$,#3277,#3811);
#3813=IFCPROPERTYSINGLEVALUE('id',$,IFCLABEL('WIN-OP48'),$);
#3814=IFCPROPERTYSET('3TRjU7S6nG_9bDX3n7EYf9',$,'yaml-ifc',$,(#3813));
#3815=IFCRELDEFINESBYPROPERTIES('2zfPZ9MQjQjR$5iEvA2A0Q',$,$,$,(#3811),#3814);
#3816=IFCRELCONTAINEDINSPATIALSTRUCTURE('0b7J252BHGnR3TTXRq0blb',$,$,$,(#69,#100,#131,#162,#193,#224,#255,#286,#317,#348,#379,#410,#441,#472,#503,#534,#555,#579,#610,#641,#672,#703,#734,#765,#796,#827,#858,#889,#920,#951,#982,#1013,#1044,#1075,#1106,#1137,#1168,#1199,#1230,#1261,#1292,#1323,#1354,#1385,#1416,#1447,#1478,#1509,#1540,#1571,#1602,#1633,#1664,#1695,#1726,#1757,#1788,#1819,#1850,#1881,#1912,#1943,#1974,#2005,#2036,#2067,#2098,#3341,#3351,#3361,#3371,#3381,#3391,#3401,#3411,#3421,#3431,#3441,#3451,#3461,#3471,#3481,#3491,#3501,#3511,#3521,#3531,#3541,#3551,#3561,#3571,#3581,#3591,#3601,#3611,#3621,#3631,#3641,#3651,#3661,#3671,#3681,#3691,#3701,#3711,#3721,#3731,#3741,#3751,#3761,#3771,#3781,#3791,#3801,#3811),#36);
ENDSEC;
END-ISO-10303-21;
